feature,importance_mean,importance_std,val_imp_0,val_imp_1
SOKAK_RISK_SKORU,0.03638124622122341,0.004382800728390479,0.03199844549283293,0.040764046949613886
TUKETIM_M22_group_240-270,0.025190207489475813,0.010327344661404558,0.014862862828071255,0.03551755215088037
DEMAND_M1_group_6.0-6.4,0.02472379661295926,0.015795651885778195,0.008928144727181064,0.040519448498737454
TUKETIM_M2_group_250-275,0.023842904642319807,0.0002700864738305886,0.024112991116150395,0.023572818168489218
TUKETIM_M20_group_700-üzeri,0.023715385752463514,0.009747159533630978,0.013968226218832536,0.03346254528609449
DEMAND_M2_group_4.95-5.5,0.023228856463642478,0.002329562780343797,0.02089929368329868,0.025558419243986275
SAYAC_YAS_2.0,0.022699607134061828,0.002858812109924447,0.01984079502413738,0.025558419243986275
DEMAND_M12_group_EKSIK,0.022285617132523527,0.002248783426389789,0.02003683370613374,0.024534400558913316
TUKETIM_M21_group_200-225,0.022199949123259677,0.009271168533424967,0.01292878058983471,0.031471117656684644
TUKETIM_M2_group_0-25,0.02216688034019093,0.006341274353530768,0.015825605986660163,0.0285081546937217
TUKETIM_M21_group_175-200,0.02176102538343777,0.006747129310283928,0.015013896073153843,0.0285081546937217
DEMAND_M1_group_5.2-5.6,0.021745479811220048,0.018773968687517406,0.0029715111237026415,0.040519448498737454
DEMAND_M12_group_9.0 üzeri,0.021727454859781836,0.005822483793756661,0.015904971066025175,0.027549938653538497
DEMAND_M4_group_1.2-1.6,0.021715677546170264,0.004846650724113111,0.016869026822057154,0.026562328270283375
TUKETIM_M12_group_30-60,0.0215443162251312,0.003974770105072745,0.017569546120058455,0.025519086330203944
DEMAND_M10_group_1.0-1.5,0.02134484854746893,0.00023937622831088357,0.021105472319158047,0.021584224775779814
TUKETIM_M23_group_EKSIK,0.021298376100247374,0.004260043143738901,0.017038332956508473,0.025558419243986275
TUKETIM_M2_group_275-300,0.02128418809198046,0.0032762800427787453,0.018007908049201715,0.024560468134759206
TUKETIM_M14_group_425-450,0.02126716521799643,0.0022925806563487416,0.01897458456164769,0.023559745874345173
DEMAND_M10_group_2.5-3.0,0.021219667621805327,0.012291522894624263,0.008928144727181064,0.03351119051642959
TUKETIM_M10_group_0-25,0.021199708769947256,0.0004021278409858109,0.020797580928961446,0.021601836610933067
DEMAND_M3_group_9.3 üzeri,0.020698626371937034,0.007835983348239817,0.012862643023697218,0.02853460972017685
DEMAND_M4_group_2.8-3.2,0.020639512264150228,0.007842421518394815,0.012797090745755413,0.028481933782545044
TUKETIM_M16_group_330-360,0.02062962848083072,0.009761287451435563,0.010868341029395157,0.030390915932266283
TUKETIM_M18_group_90-120,0.020382344472375746,0.005136741857828198,0.015245602614547549,0.025519086330203944
TUKETIM_M21_group_275-300,0.020380687853060242,0.005653147352323917,0.02603383520538416,0.014727540500736325
TUKETIM_M12_group_420-450,0.020310592915041226,0.0006913271102083618,0.021001920025249587,0.019619265804832864
TUKETIM_M2_group_150-175,0.019778933054156622,0.003793885114332596,0.015985047939824026,0.023572818168489218
TUKETIM_M6_group_30-60,0.019761164634413353,0.00975518993823643,0.010005974696176922,0.029516354572649783
TUKETIM_M16_group_150-180,0.019752542109662985,0.0067570307916625105,0.012995511318000474,0.026509572901325495
TUKETIM_M14_group_250-275,0.01974577826058599,0.014794596994504361,0.004951181266081628,0.03454037525509035
TUKETIM_M2_group_425-450,0.019738894617257197,0.0038339235512320213,0.015904971066025175,0.023572818168489218
TUKETIM_M18_group_270-300,0.019692754252868094,0.012795368521861805,0.006897385731006289,0.0324881227747299
TUKETIM_M12_group_240-270,0.019686056320905365,0.005859135409853389,0.013826920911051976,0.025545191730758754
TUKETIM_M7_group_210-240,0.01966204634454677,0.006864955598791356,0.012797090745755413,0.026527001943338124
DEMAND_M3_group_4.4-4.95,0.019243599916910548,0.009291009803266304,0.009952590113644244,0.02853460972017685
DEMAND_M11_group_3.5-4.0,0.0192266588015505,0.0083011683836538,0.0109254904178967,0.0275278271852043
DEMAND_M12_group_3.5-4.0,0.019220045074097802,0.007324541296471643,0.01189550377762616,0.026544586370569445
TUKETIM_M3_group_700-üzeri,0.019213431346645105,0.001584149582316341,0.020797580928961446,0.017629281764328764
ABONELIK_SURESI_yüzde_28,0.019184600546237107,0.012326199650130099,0.006858400896107009,0.031510800196367206
TUKETIM_M6_group_90-120,0.01880571203672382,0.00113266343584012,0.01993837547256394,0.0176730486008837
TUKETIM_M5_group_60-90,0.01880571203672382,0.00113266343584012,0.01993837547256394,0.0176730486008837
SAYAC_MODEL_group_%1-3,0.018795116802390988,0.013782114464155448,0.005013002338235539,0.032577231266546436
TUKETIM_M7_group_390-420,0.01877133017068866,0.011794930533234882,0.0069763996374537784,0.030566260703923542
TUKETIM_M11_group_120-150,0.018764206266314032,0.013813025000232404,0.004951181266081628,0.032577231266546436
DEMAND_M1_group_2.0-2.4,0.018757215768875457,0.010759138803774326,0.00799807696510113,0.029516354572649783
TUKETIM_M19_group_75-100,0.018755699838846562,0.009778909881330289,0.008976789957516274,0.02853460972017685
TUKETIM_M2_group_350-375,0.018751231625428466,0.002846260559403291,0.015904971066025175,0.021597492184831757
TUKETIM_M15_group_350-375,0.018735964394304916,0.008836284333570754,0.009899680060734162,0.02757224872787567
TUKETIM_M8_group_350-375,0.018713792526398265,0.0068182887487721056,0.01189550377762616,0.02553208127517037
TUKETIM_M18_group_300-330,0.018709743483128316,0.008862505244747354,0.009847238238380962,0.02757224872787567
TUKETIM_M19_group_EKSIK,0.01868753271179263,0.00884029447341167,0.009847238238380962,0.0275278271852043
TUKETIM_M19_group_25-50,0.018648361821672343,0.003933866946123354,0.014714494875548989,0.022582228767795698
DEMAND_M3_group_2.75-3.3,0.018277628596172824,0.005282117278172349,0.012995511318000474,0.023559745874345173
DEMAND_M2_group_7.1-7.65,0.018226535835210556,0.011289818737439228,0.006936717097771328,0.029516354572649783
TUKETIM_M8_group_0-25,0.018213380136690716,0.007345039107295559,0.010868341029395157,0.025558419243986275
TUKETIM_M5_group_210-240,0.01819292115205151,0.009312990530564558,0.008879930621486953,0.02750591168261607
DEMAND_M5_group_0-0.5,0.018117198758848096,0.003475910325465903,0.014641288433382194,0.021593109084314
DEMAND_M9_group_7.2 üzeri,0.018082645815362286,0.006396900455194088,0.024479546270556374,0.011685745360168198
TUKETIM_M21_group_250-275,0.01787875404395889,0.00815508116142527,0.02603383520538416,0.009723672882533618
TUKETIM_M9_group_675-700,0.017864730262992956,0.0031371897622566314,0.021001920025249587,0.014727540500736325
TUKETIM_M15_group_625-650,0.017864730262992956,0.0031371897622566314,0.021001920025249587,0.014727540500736325
TUKETIM_M21_group_500-525,0.017864730262992956,0.0031371897622566314,0.021001920025249587,0.014727540500736325
TUKETIM_M16_group_600-630,0.017864730262992956,0.0031371897622566314,0.021001920025249587,0.014727540500736325
TUKETIM_M21_group_600-625,0.017864730262992956,0.0031371897622566314,0.021001920025249587,0.014727540500736325
DEMAND_M1_group_8.8-9.2,0.017864730262992956,0.0031371897622566314,0.021001920025249587,0.014727540500736325
TUKETIM_M18_group_EKSIK,0.01780251597582655,0.016791724803981223,0.0010107911718453266,0.03459424077980777
DEMAND_M6_group_2.4-2.8,0.01776975809682857,0.0118089724200926,0.005960785676735969,0.02957873051692117
ABONELIK_SURESI_yüzde_0,0.017762296384037424,0.013788542249229152,0.003973754134808272,0.031550838633266576
TUKETIM_M6_group_150-180,0.017762177751631858,0.007809587637987614,0.009952590113644244,0.025571765389619472
DEMAND_M11_group_3.0-3.5,0.0177518959504272,0.008775105992910925,0.008976789957516274,0.026527001943338124
TUKETIM_M14_group_75-100,0.017694751761406224,0.008814821139919271,0.008879930621486953,0.026509572901325495
TUKETIM_M4_group_240-270,0.01768310452898153,0.0019361612758513336,0.015746943253130197,0.019619265804832864
DEMAND_M4_group_6.0-6.4,0.017657772420978934,0.0029432775454299454,0.014714494875548989,0.02060104996640888
DEMAND_M4_group_5.6-6.0,0.017657772420978934,0.0029432775454299454,0.014714494875548989,0.02060104996640888
ABONELIK_SURESI_yüzde_21,0.01744112716817242,0.00655480483312515,0.02399593200129757,0.010886322335047272
TUKETIM_M7_group_240-270,0.01734762995207828,0.003654290073171307,0.021001920025249587,0.013693339878906974
TUKETIM_M17_group_270-300,0.017347173634191138,0.002689660071942601,0.02003683370613374,0.014657513562248536
SOB_RISK_SKORU,0.01733257234798813,0.00524965641980768,0.012082915928180449,0.02258222876779581
TUKETIM_M8_group_150-175,0.017281835028553127,0.0004128082064959737,0.016869026822057154,0.0176946432350491
DEMAND_M8_group_2.8-3.2,0.01725360971778378,0.0063281192998870806,0.0109254904178967,0.02358172901767086
TUKETIM_M22_group_510-üzeri,0.01722787605400561,0.004365233030308391,0.012862643023697218,0.021593109084314
TUKETIM_M7_group_300-330,0.017225664907172256,0.004363021883475038,0.012862643023697218,0.021588686790647293
TUKETIM_M12_group_510-üzeri,0.017220579598942187,0.006352238569547031,0.010868341029395157,0.023572818168489218
TUKETIM_M7_group_90-120,0.0172082754802369,0.007361037241855939,0.009847238238380962,0.02456931272209284
DEMAND_M2_group_2.75-3.3,0.01720538745663802,0.009339198913931424,0.007866188542706598,0.026544586370569445
DEMAND_M5_group_0.5-1.0,0.017198678039098803,0.0004959651959502986,0.016702712843148504,0.0176946432350491
DEMAND_M6_group_0.8-1.2,0.017183523461512806,0.0034263187185116784,0.013757204743001128,0.020609842180024485
TUKETIM_M19_group_250-275,0.017177773586378287,0.005404455181417411,0.011773318404960875,0.022582228767795698
TUKETIM_M3_group_575-600,0.01686839148170244,0.004133528543547149,0.021001920025249587,0.01273486293815529
TUKETIM_M2_group_375-400,0.016799807150537138,0.000894836084511963,0.015904971066025175,0.0176946432350491
TUKETIM_M19_group_175-200,0.0167538595928462,0.005828369174949499,0.0109254904178967,0.022582228767795698
DEMAND_M2_group_6.55-7.1,0.01673447311542381,0.012812929781725158,0.003921543333698652,0.029547402897148967
DEMAND_M12_group_7.5-8.0,0.016731859520554726,0.009795142422783398,0.006936717097771328,0.026527001943338124
TUKETIM_M20_group_25-50,0.016724505129808,0.0019361550105367331,0.014788350119271265,0.01866066014034473
TUKETIM_M17_group_210-240,0.016709396324494308,0.010818430860709993,0.0058909654637843145,0.0275278271852043
TUKETIM_M20_group_EKSIK,0.016697544998592828,0.011837064721584023,0.004860480277008805,0.02853460972017685
DEMAND_M6_group_1.2-1.6,0.016319623308723386,0.0004146522426982102,0.015904971066025175,0.016734275551421596
TUKETIM_M23_group_250-275,0.016319220399068468,0.0042993363019624975,0.01201988409710597,0.020618556701030966
DEMAND_M12_group_8.0-8.5,0.0163067423545023,0.0004017712884771263,0.015904971066025175,0.016708513642979428
DEMAND_M12_group_0.5-1.0,0.01630554521064559,0.0013675033902381117,0.014938041820407477,0.0176730486008837
TUKETIM_M23_group_425-450,0.01628063695394749,0.00037566588792231626,0.015904971066025175,0.016656302841869808
TUKETIM_M11_group_150-180,0.016280578425127923,0.021182602723620214,-0.004902024298492291,0.03746318114874814
TUKETIM_M10_group_50-75,0.01627923292768535,0.00432181703872353,0.01195741588896182,0.02060104996640888
TUKETIM_M5_group_90-120,0.01627037519832003,0.010274211172249414,0.005996164026070616,0.026544586370569445
TUKETIM_M15_group_425-450,0.01626171499697865,0.011310533730897021,0.004951181266081628,0.02757224872787567
DEMAND_M9_group_0.8-1.2,0.016261517468954656,0.008307795253138184,0.007953722215816472,0.02456931272209284
TUKETIM_M18_group_0-30,0.016254240456312075,0.015256559740055131,0.0009976807162569434,0.031510800196367206
DEMAND_M12_group_7.0-7.5,0.016254007114542335,0.003391364090845117,0.012862643023697218,0.019645371205387452
TUKETIM_M24_group_EKSIK,0.016252686023652707,0.010291900346916738,0.005960785676735969,0.026544586370569445
DEMAND_M10_group_0.5-1.0,0.01623457556031277,0.015197210729606836,0.0010373648307059335,0.031431786289919605
DEMAND_M12_group_4.5-5.0,0.016228546474348793,0.013257035350646151,0.0029715111237026415,0.029485581824994944
TUKETIM_M15_group_0-25,0.016226374394988086,0.007346443773501132,0.008879930621486953,0.023572818168489218
TUKETIM_M24_group_125-150,0.016221991275201797,0.004387850904822688,0.01183414037037911,0.020609842180024485
DEMAND_M7_group_2.4-2.8,0.015812961194355657,0.0037930770972496863,0.01201988409710597,0.019606038291605343
DEMAND_M7_group_7.2-7.6,0.015812227367890896,9.274369813427885e-05,0.015904971066025175,0.015719483669756618
TUKETIM_M6_group_180-210,0.015783964707845044,0.009787800681774428,0.005996164026070616,0.025571765389619472
DEMAND_M2_group_9.3 üzeri,0.015781070883139736,0.016751406640874933,-0.0009703357577351968,0.03253247752401467
TUKETIM_M9_group_175-200,0.01576405078558879,0.015746749410778416,1.7301374810374526e-05,0.031510800196367206
TUKETIM_M4_group_270-300,0.015757384791229512,0.003861881013603352,0.01189550377762616,0.019619265804832864
ABONELIK_SURESI_yüzde_16,0.015755186747488437,0.006827042020307372,0.008928144727181064,0.02258222876779581
TUKETIM_M5_group_510-üzeri,0.015750758335833615,0.005851078275099453,0.009899680060734162,0.021601836610933067
TUKETIM_M8_group_275-300,0.01573909160470982,0.0010464091879988646,0.016785500792708685,0.014692682416710956
TUKETIM_M14_group_50-75,0.01572762679542622,0.0011414000266309343,0.016869026822057154,0.014586226768795285
TUKETIM_M13_group_325-350,0.01572017366134748,0.005872935422966519,0.009847238238380962,0.021593109084314
TUKETIM_M24_group_25-50,0.015709434515433107,0.008851033619326099,0.006858400896107009,0.024560468134759206
DEMAND_M6_group_4.0-4.4,0.015503995931823333,0.013389603421337493,0.028893599353160826,0.0021143925104858408
TUKETIM_M3_group_625-650,0.015471301523869108,0.00563417079528894,0.021105472319158047,0.009837130728580168
SAYAC_YAS_11.0,0.01534298604568507,0.0016103148000131684,0.016953300845698238,0.013732671245671901
TUKETIM_M19_group_525-550,0.01531625578338075,0.0005887152826444253,0.015904971066025175,0.014727540500736325
TUKETIM_M8_group_600-625,0.01531625578338075,0.0005887152826444253,0.015904971066025175,0.014727540500736325
TUKETIM_M1_group_225-250,0.01531625578338075,0.0005887152826444253,0.015904971066025175,0.014727540500736325
TUKETIM_M21_group_475-500,0.01531625578338075,0.0005887152826444253,0.015904971066025175,0.014727540500736325
TUKETIM_M4_group_510-540,0.01531625578338075,0.0005887152826444253,0.015904971066025175,0.014727540500736325
TUKETIM_M20_group_650-675,0.01531625578338075,0.0005887152826444253,0.015904971066025175,0.014727540500736325
TUKETIM_M2_group_550-575,0.01531625578338075,0.0005887152826444253,0.015904971066025175,0.014727540500736325
TUKETIM_M16_group_630-660,0.01531625578338075,0.0005887152826444253,0.015904971066025175,0.014727540500736325
DEMAND_M4_group_4.8-5.2,0.01531625578338075,0.0005887152826444253,0.015904971066025175,0.014727540500736325
TUKETIM_M8_group_675-700,0.01531625578338075,0.0005887152826444253,0.015904971066025175,0.014727540500736325
TUKETIM_M20_group_550-575,0.01531625578338075,0.0005887152826444253,0.015904971066025175,0.014727540500736325
TUKETIM_M22_group_420-450,0.01531625578338075,0.0005887152826444253,0.015904971066025175,0.014727540500736325
TUKETIM_M18_group_360-390,0.015283130351961771,0.015283130351961771,0.0,0.030566260703923542
TUKETIM_M11_group_240-270,0.015274608902971498,0.00829820926551772,0.0069763996374537784,0.023572818168489218
ABONELIK_SURESI_yüzde_4,0.015266044334219742,0.014281358562929225,0.0009846857712905166,0.029547402897148967
TUKETIM_M20_group_150-175,0.015260626905747587,0.009299841229011618,0.005960785676735969,0.024560468134759206
DEMAND_M3_group_1.1-1.65,0.015259170252688858,0.011285416117880587,0.003973754134808272,0.026544586370569445
DEMAND_M5_group_1.5-2.0,0.015259118380882508,0.01917496223876508,-0.003915843857882573,0.03443408061964759
DEMAND_M10_group_3.0-3.5,0.01525618475148044,0.006328040024299375,0.008928144727181064,0.021584224775779814
TUKETIM_M10_group_175-200,0.015254930746957496,0.01130739752332588,0.003947533223631616,0.026562328270283375
ABONELIK_SURESI_yüzde_20,0.015250378039073198,0.011276623904264926,0.003973754134808272,0.026527001943338124
TUKETIM_M5_group_270-300,0.015248186498420191,0.010297005232338563,0.004951181266081628,0.025545191730758754
DEMAND_M5_group_3.0-3.5,0.015243094503677002,0.009317373631082204,0.005925720872594797,0.024560468134759206
DEMAND_M3_group_6.05-6.55,0.015242858288678995,0.0033473545110528358,0.01189550377762616,0.01859021279973183
TUKETIM_M9_group_0-25,0.015238711403159244,0.01522141002834887,1.7301374810374526e-05,0.030460121431508114
DEMAND_M10_group_3.5-4.0,0.015232077698633384,0.0063521470771464306,0.008879930621486953,0.021584224775779814
TUKETIM_M11_group_270-300,0.01522785033790608,0.012256339214203438,0.0029715111237026415,0.027484189552109517
TUKETIM_M14_group_500-525,0.01522133369875417,0.009330368234969855,0.0058909654637843145,0.024551701933724024
TUKETIM_M6_group_480-510,0.015208300420450183,0.0034349820154893074,0.011773318404960875,0.01864328243593949
TUKETIM_M17_group_240-270,0.0148595730328836,0.0017967298089862083,0.013062843223897391,0.016656302841869808
TUKETIM_M21_group_450-475,0.014838313573298123,0.0010666574927270522,0.015904971066025175,0.01377165608057107
TUKETIM_M22_group_390-420,0.014838313573298123,0.0010666574927270522,0.015904971066025175,0.01377165608057107
TUKETIM_M17_group_420-450,0.014838313573298123,0.0010666574927270522,0.015904971066025175,0.01377165608057107
TUKETIM_M11_group_450-480,0.014838313573298123,0.0010666574927270522,0.015904971066025175,0.01377165608057107
TUKETIM_M16_group_570-600,0.014838313573298123,0.0010666574927270522,0.015904971066025175,0.01377165608057107
TUKETIM_M8_group_500-525,0.014838313573298123,0.0010666574927270522,0.015904971066025175,0.01377165608057107
TUKETIM_M11_group_420-450,0.014838313573298123,0.0010666574927270522,0.015904971066025175,0.01377165608057107
TUKETIM_M22_group_450-480,0.014838313573298123,0.0010666574927270522,0.015904971066025175,0.01377165608057107
TUKETIM_M10_group_525-550,0.014838313573298123,0.0010666574927270522,0.015904971066025175,0.01377165608057107
TUKETIM_M8_group_625-650,0.014838313573298123,0.0010666574927270522,0.015904971066025175,0.01377165608057107
TUKETIM_M4_group_600-630,0.014838313573298123,0.0010666574927270522,0.015904971066025175,0.01377165608057107
TUKETIM_M4_group_570-600,0.014838313573298123,0.0010666574927270522,0.015904971066025175,0.01377165608057107
TUKETIM_M2_group_475-500,0.014818821155848538,0.001086149910176637,0.015904971066025175,0.013732671245671901
TUKETIM_M23_group_275-300,0.014818647116407069,0.001889866526572359,0.01292878058983471,0.016708513642979428
DEMAND_M5_group_1.0-1.5,0.014799333421074423,0.016751505212192153,-0.0019521717911177294,0.031550838633266576
TUKETIM_M14_group_525-550,0.01479248318703269,0.004839893073388446,0.009952590113644244,0.019632376260421136
TUKETIM_M18_group_180-210,0.014773383037996912,0.0028778792603707526,0.01189550377762616,0.017651262298367665
DEMAND_M12_group_5.0-5.5,0.014773383037996912,0.0028778792603707526,0.01189550377762616,0.017651262298367665
TUKETIM_M5_group_180-210,0.014772700446011089,0.010772491284747665,0.004000209161263424,0.025545191730758754
TUKETIM_M6_group_330-360,0.014766145218216897,0.013768464501959954,0.0009976807162569434,0.02853460972017685
TUKETIM_M18_group_30-60,0.014764709008954657,0.00981352774287303,0.004951181266081628,0.024578236751827687
DEMAND_M11_group_1.5-2.0,0.014760214284814499,0.011766787658523625,0.0029934266262908737,0.026527001943338124
DEMAND_M8_group_2.0-2.4,0.014753626666285102,0.006843865518546655,0.007909761147738448,0.021597492184831757
TUKETIM_M22_group_180-210,0.014753594485631405,0.0029194541152522957,0.01183414037037911,0.0176730486008837
TUKETIM_M4_group_360-390,0.014753594485631405,0.0029194541152522957,0.01183414037037911,0.0176730486008837
TUKETIM_M11_group_360-390,0.01475144159990266,0.014734140225092285,1.7301374810374526e-05,0.029485581824994944
TUKETIM_M15_group_175-200,0.014734109553600994,0.008843144089816679,0.0058909654637843145,0.023577253643417673
TUKETIM_M6_group_420-450,0.014723183502922288,0.0029498650979614127,0.011773318404960875,0.0176730486008837
DEMAND_M9_group_2.8-3.2,0.014688890760481799,0.0039889944250787734,0.010699896335403025,0.018677885185560572
TUKETIM_M16_group_480-510,0.014501706637456313,0.006603765681701734,0.021105472319158047,0.007897940955754579
TUKETIM_M13_group_225-250,0.014341639132596784,0.0015633319334283913,0.015904971066025175,0.012778307199168393
TUKETIM_M4_group_420-450,0.014341639132596784,0.0015633319334283913,0.015904971066025175,0.012778307199168393
TUKETIM_M14_group_225-250,0.014309282133515122,0.005283410012457024,0.009025872121058098,0.019592692145972146
TUKETIM_M13_group_275-300,0.014298001499502,0.0016069695665231754,0.015904971066025175,0.012691031932978825
TUKETIM_M19_group_200-225,0.014295127990826662,0.0033119763988596063,0.010983151591967055,0.017607104389686268
TUKETIM_M24_group_50-75,0.014284754360883889,0.0073083547234301105,0.0069763996374537784,0.021593109084314
DEMAND_M6_group_EKSIK,0.014271507222265833,0.008310721545529864,0.005960785676735969,0.022582228767795698
TUKETIM_M15_group_250-275,0.014261999717285423,0.009310818451203795,0.004951181266081628,0.023572818168489218
TUKETIM_M17_group_90-120,0.014260112452681606,0.01230221581760177,0.0019578966350798366,0.026562328270283375
DEMAND_M4_group_0-0.4,0.014259801663881466,0.0063500405161430185,0.007909761147738448,0.020609842180024485
DEMAND_M2_group_2.2-2.75,0.014258287207756015,0.0014611964620006024,0.012797090745755413,0.015719483669756618
TUKETIM_M20_group_375-400,0.014254104118591182,0.011304315125395092,0.0029497889931960897,0.025558419243986275
DEMAND_M9_group_1.2-1.6,0.014245428027895746,0.010323884694197094,0.003921543333698652,0.02456931272209284
TUKETIM_M4_group_0-30,0.014220777987703492,0.006397778713327473,0.007822999274376019,0.020618556701030966
TUKETIM_M19_group_575-600,0.013867255830888991,0.002037715235136184,0.015904971066025175,0.011829540595752808
DEMAND_M9_group_3.2-3.6,0.013851878653309335,0.004826006532251237,0.009025872121058098,0.018677885185560572
TUKETIM_M17_group_30-60,0.013845832617473242,0.0028626810255061863,0.010983151591967055,0.016708513642979428
DEMAND_M4_group_7.6-8.0,0.013843501733307118,0.0020614693327180578,0.015904971066025175,0.01178203240058906
DEMAND_M6_group_3.6-4.0,0.013839511648530312,0.003833536952353389,0.010005974696176922,0.0176730486008837
TUKETIM_M13_group_100-125,0.01383283767250676,0.002849686080539704,0.010983151591967055,0.016682523753046463
TUKETIM_M2_group_400-425,0.013819536800539656,0.0020854342654855196,0.015904971066025175,0.011734102535054136
DEMAND_M3_group_EKSIK,0.013810036196727882,0.004833246239211608,0.008976789957516274,0.01864328243593949
TUKETIM_M16_group_240-270,0.013802057628353237,0.005803980663252106,0.00799807696510113,0.019606038291605343
TUKETIM_M18_group_150-180,0.013797615553015674,0.008784613214780135,0.005013002338235539,0.02258222876779581
DEMAND_M3_group_8.75-9.3,0.013795358213096687,0.0021096128529284885,0.015904971066025175,0.011685745360168198
TUKETIM_M1_group_275-300,0.013795358213096687,0.0021096128529284885,0.015904971066025175,0.011685745360168198
TUKETIM_M13_group_150-175,0.01379529924944195,0.00010195937053497639,0.013897258619976927,0.013693339878906974
DEMAND_M9_group_2.4-2.8,0.013793323663437329,0.014767978348005695,-0.0009746546845683657,0.028561302011443024
TUKETIM_M13_group_75-100,0.013792425408358955,0.007796261382288339,0.005996164026070616,0.021588686790647293
TUKETIM_M22_group_330-360,0.013782091390766027,0.008800137377029671,0.004981954013736356,0.022582228767795698
TUKETIM_M19_group_325-350,0.013779880253710908,0.0058261580378944355,0.007953722215816472,0.019606038291605343
DEMAND_M2_group_1.1-1.65,0.013775510314205541,0.011782908929780733,0.001992601384424808,0.025558419243986275
DEMAND_M1_group_5.6-6.0,0.01377041192289774,0.0107989007991951,0.0029715111237026415,0.02456931272209284
TUKETIM_M24_group_150-175,0.013768896557591781,0.011776295173166973,0.001992601384424808,0.025545191730758754
DEMAND_M4_group_2.0-2.4,0.013768896557591725,0.012758105385746399,0.0010107911718453266,0.026527001943338124
DEMAND_M9_group_2.0-2.4,0.013768883532090104,0.006832166434318776,0.006936717097771328,0.02060104996640888
TUKETIM_M13_group_375-400,0.013764513476285656,0.005854752328547208,0.007909761147738448,0.019619265804832864
TUKETIM_M2_group_300-325,0.013764513476285656,0.005854752328547208,0.007909761147738448,0.019619265804832864
SAYAC_MODEL_group_%20,0.01375362680879122,0.012755946092534276,0.0009976807162569434,0.026509572901325495
TUKETIM_M12_group_60-90,0.013749403380203862,0.011756801995779054,0.001992601384424808,0.025506205375982915
DEMAND_M1_group_8.0-8.4,0.013739979810200142,0.010811722123523881,0.002928257686676261,0.024551701933724024
TUKETIM_M6_group_270-300,0.013736338361261868,0.00884589040653394,0.004890447954727928,0.02258222876779581
DEMAND_M6_group_5.6-6.0,0.013519568313797636,0.007482351711451951,0.021001920025249587,0.006037216602345685
TUKETIM_M12_group_390-420,0.01342118361414485,0.002483787451880326,0.015904971066025175,0.010937396162264523
DEMAND_M7_group_1.2-1.6,0.01339098800625338,0.0013711039091474087,0.01201988409710597,0.014762091915400788
TUKETIM_M20_group_400-425,0.013311893590287838,0.0016261482301196395,0.014938041820407477,0.011685745360168198
DEMAND_M1_group_7.2-7.6,0.01329121896452956,0.009291009803266137,0.004000209161263424,0.022582228767795698
TUKETIM_M4_group_30-60,0.013287531549025178,0.008305577535288822,0.004981954013736356,0.021593109084314
TUKETIM_M15_group_275-300,0.013285326973207612,0.013259259397361833,2.6067575845778457e-05,0.026544586370569445
TUKETIM_M21_group_125-150,0.01328521064404159,0.005375449496303142,0.007909761147738448,0.01866066014034473
TUKETIM_M6_group_210-240,0.013280924343986089,0.010287497717695215,0.0029934266262908737,0.023568422061681304
TUKETIM_M2_group_325-350,0.013277991451302096,0.006341274353530768,0.006936717097771328,0.019619265804832864
TUKETIM_M23_group_225-250,0.013276521791838969,0.005366760644100521,0.007909761147738448,0.01864328243593949
TUKETIM_M17_group_300-330,0.013272145175197814,0.008320963909116186,0.004951181266081628,0.021593109084314
DEMAND_M7_group_5.6-6.0,0.013264880995713713,0.009317347772082096,0.003947533223631616,0.02258222876779581
TUKETIM_M23_group_50-75,0.013263385419501839,0.007337664546907041,0.005925720872594797,0.02060104996640888
TUKETIM_M6_group_390-420,0.01325504248495235,0.011314270237140489,0.0019407722478118616,0.02456931272209284
TUKETIM_M10_group_150-175,0.013235043813138836,0.002423347170284973,0.010811696642853863,0.01565839098342381
TUKETIM_M1_group_100-125,0.013233000410835916,0.0014596820058750404,0.011773318404960875,0.014692682416710956
TUKETIM_M13_group_200-225,0.013233000410835916,0.0014596820058750404,0.011773318404960875,0.014692682416710956
TUKETIM_M24_group_475-500,0.012864535984766445,0.0009071200958046255,0.01195741588896182,0.01377165608057107
TUKETIM_M12_group_480-510,0.012792223784525436,0.0038640790573443717,0.008928144727181064,0.016656302841869808
TUKETIM_M3_group_325-350,0.012787125306417124,0.013757461064152321,-0.0009703357577351968,0.026544586370569445
TUKETIM_M24_group_250-275,0.01278492751392124,0.010792326129496432,0.001992601384424808,0.023577253643417673
DEMAND_M10_group_0-0.5,0.012778989455294043,0.008805235320485771,0.003973754134808272,0.021584224775779814
TUKETIM_M5_group_120-150,0.012773937498628152,0.007853257056068819,0.004920680442559333,0.02062719455469697
TUKETIM_M8_group_175-200,0.012772512704231687,0.015709421078313357,-0.0029369083740816704,0.028481933782545044
TUKETIM_M22_group_60-90,0.01277249333871383,0.006846772466119033,0.005925720872594797,0.019619265804832864
TUKETIM_M16_group_300-330,0.01277249333871383,0.006846772466119033,0.005925720872594797,0.019619265804832864
SAYAC_YAS_9.0,0.012770327788675984,0.003938185854303444,0.00883214193437254,0.016708513642979428
DEMAND_M11_group_2.0-2.5,0.01276600888049595,0.00981621988729986,0.0029497889931960897,0.02258222876779581
ABONELIK_SURESI_yüzde_15,0.012741313485640005,0.007850865530912077,0.004890447954727928,0.02059217901655208
TUKETIM_M9_group_375-400,0.012707310437721997,0.00392253737769277,0.008784773060029227,0.016629847815414767
TUKETIM_M10_group_125-150,0.012411325472590273,0.0016285067342930448,0.014039832206883318,0.010782818738297228
TUKETIM_M7_group_120-150,0.012384033305788855,0.0023780586096119327,0.010005974696176922,0.014762091915400788
TUKETIM_M13_group_575-600,0.012340065307190284,0.0023874751935460403,0.009952590113644244,0.014727540500736325
TUKETIM_M24_group_450-475,0.012340065307190284,0.0023874751935460403,0.009952590113644244,0.014727540500736325
TUKETIM_M24_group_425-450,0.012340065307190284,0.0023874751935460403,0.009952590113644244,0.014727540500736325
TUKETIM_M21_group_375-400,0.012340065307190284,0.0023874751935460403,0.009952590113644244,0.014727540500736325
TUKETIM_M15_group_EKSIK,0.012331797881420303,0.0072874679234125606,0.005044329958007743,0.019619265804832864
DEMAND_M1_group_6.4-6.8,0.012313817767960478,0.001583440852016449,0.013897258619976927,0.010730376915944029
DEMAND_M1_group_0.4-0.8,0.01230665443748491,0.012280586861639131,2.6067575845778457e-05,0.02458724129912404
TUKETIM_M15_group_25-50,0.012305078239582823,0.010277150528212986,0.002027927711369837,0.02258222876779581
TUKETIM_M1_group_200-225,0.012296207289725858,0.01028602147806984,0.002010185811656018,0.022582228767795698
DEMAND_M11_group_0.5-1.0,0.012296014483027695,0.005398628752021406,0.006897385731006289,0.0176946432350491
SAYAC_MARKA_DIGER,0.012289606616763371,0.013255585113995383,-0.0009659784972320118,0.025545191730758754
TUKETIM_M16_group_180-210,0.0122895738785605,0.0013640834606638008,0.0109254904178967,0.013653657339224301
TUKETIM_M2_group_75-100,0.012288826997969848,0.01521708468464622,-0.002928257686676372,0.02750591168261607
TUKETIM_M17_group_180-210,0.012287467179837308,0.011289786463580365,0.0009976807162569434,0.023577253643417673
TUKETIM_M10_group_100-125,0.012287415076110308,0.0102948136916855,0.001992601384424808,0.02258222876779581
TUKETIM_M17_group_60-90,0.01228524944237308,0.011287568726116137,0.0009976807162569434,0.023572818168489218
TUKETIM_M23_group_300-325,0.01228524944237308,0.011287568726116137,0.0009976807162569434,0.023572818168489218
TUKETIM_M9_group_325-350,0.012284423267968803,0.0063236375912328335,0.005960785676735969,0.018608060859201636
DEMAND_M8_group_0-0.4,0.01228305138896918,0.013249029886201191,-0.0009659784972320118,0.02553208127517037
TUKETIM_M14_group_600-üzeri,0.012275735453231906,0.006350014580637109,0.005925720872594797,0.018625750033869015
DEMAND_M9_group_0-0.4,0.012273640589013923,0.009323851595817834,0.0029497889931960897,0.021597492184831757
TUKETIM_M22_group_300-330,0.012270062701437767,0.01031216606635793,0.0019578966350798366,0.022582228767795698
DEMAND_M10_group_1.5-2.0,0.012258357748826665,0.00636739228504235,0.0058909654637843145,0.018625750033869015
DEMAND_M4_group_5.2-5.6,0.012256861175125366,0.008335317841426715,0.003921543333698652,0.02059217901655208
TUKETIM_M19_group_50-75,0.012252245060346278,0.005354859329339989,0.006897385731006289,0.017607104389686268
SAYAC_YAS_5.0,0.012249898904646173,0.006393383531293317,0.005856515373352855,0.01864328243593949
TUKETIM_M3_group_250-275,0.01193869588815788,0.007902099135979501,0.01984079502413738,0.0040365967521783785
TUKETIM_M15_group_700-üzeri,0.011917515548256097,0.0030205262721513804,0.014938041820407477,0.008896989276104716
TUKETIM_M7_group_0-30,0.011909007085373347,0.00407604085445068,0.015985047939824026,0.007832966230922667
TUKETIM_M23_group_100-125,0.011902678473706352,0.002065547745126184,0.013968226218832536,0.009837130728580168
TUKETIM_M5_group_450-480,0.011896229103258549,0.00385339839562554,0.008042830707633009,0.01574962749888409
TUKETIM_M21_group_325-350,0.011888815388373997,0.0018828406921970742,0.010005974696176922,0.01377165608057107
DEMAND_M5_group_EKSIK,0.011881444528439311,0.001928854414795067,0.009952590113644244,0.013810298943234378
SAYAC_OLCUM_TURU_Kombi,0.011852165229126299,0.0028753752716100256,0.008976789957516274,0.014727540500736325
SAYAC_OLCUM_TURU_Aktif,0.011849602710137963,0.016738632063663827,-0.004889029353525864,0.02858823477380179
DEMAND_M1_group_4.8-5.2,0.011842456640216603,0.004866057002762825,0.0069763996374537784,0.016708513642979428
TUKETIM_M9_group_575-600,0.011836602942786545,0.0038828807269700727,0.007953722215816472,0.015719483669756618
SAYAC_YAS_8.0,0.011823832909657883,0.014756396857638243,-0.00293256394798036,0.026580229767296126
TUKETIM_M8_group_550-575,0.011809737483048144,0.00780952832178472,0.004000209161263424,0.019619265804832864
TUKETIM_M20_group_675-700,0.011809737483048144,0.00780952832178472,0.004000209161263424,0.019619265804832864
DEMAND_M3_group_3.85-4.4,0.011806011211294543,0.014738575159274903,-0.00293256394798036,0.026544586370569445
DEMAND_M12_group_1.5-2.0,0.011806011211294543,0.014738575159274903,-0.00293256394798036,0.026544586370569445
TUKETIM_M19_group_225-250,0.011803123726434273,0.010779105041361425,0.0010240186850728472,0.022582228767795698
TUKETIM_M9_group_300-325,0.011796509969820512,0.010785718797975186,0.0010107911718453266,0.022582228767795698
DEMAND_M11_group_EKSIK,0.011795066188512005,0.012765401946247201,-0.0009703357577351968,0.024560468134759206
TUKETIM_M21_group_50-75,0.011783457269543163,0.010798771498252646,0.0009846857712905166,0.02258222876779581
TUKETIM_M24_group_75-100,0.01178201975365839,0.009824123118578554,0.0019578966350798366,0.021606142872236944
DEMAND_M1_group_3.6-4.0,0.011779942433629786,0.011788479628051518,-8.53719442173162e-06,0.023568422061681304
TUKETIM_M3_group_600-625,0.011779841217554432,0.0029476992831818927,0.00883214193437254,0.014727540500736325
DEMAND_M12_group_6.5-7.0,0.011770112684801881,0.007822579461170265,0.003947533223631616,0.019592692145972146
ABONELIK_SURESI_yüzde_12,0.011766928896596252,0.0010113783025721412,0.01075555059402411,0.012778307199168393
TUKETIM_M14_group_25-50,0.011444525419476492,0.0034183374085947626,0.014862862828071255,0.00802618801088173
TUKETIM_M15_group_325-350,0.011427091625759833,0.0024701669942170934,0.013897258619976927,0.00895692463154274
TUKETIM_M17_group_EKSIK,0.011419073710031424,0.0013592334891369684,0.010059840220894456,0.012778307199168393
DEMAND_M7_group_0.4-0.8,0.011405745690097446,0.00457930224972658,0.015985047939824026,0.006826443440370866
TUKETIM_M22_group_0-30,0.011385768266321816,0.000448372104057293,0.01183414037037911,0.010937396162264523
TUKETIM_M22_group_90-120,0.011362808732918728,0.003364731767817597,0.00799807696510113,0.014727540500736325
TUKETIM_M2_group_225-250,0.01135376140924288,0.0004282709913461802,0.0109254904178967,0.01178203240058906
TUKETIM_M17_group_150-180,0.011347941653605198,0.00437154201615142,0.0069763996374537784,0.015719483669756618
DEMAND_M8_group_6.4-6.8,0.011340631358276398,0.0033869091424599262,0.007953722215816472,0.014727540500736325
DEMAND_M8_group_5.2-5.6,0.011340631358276398,0.0033869091424599262,0.007953722215816472,0.014727540500736325
TUKETIM_M15_group_525-550,0.011322912250565365,0.006371730984483737,0.004951181266081628,0.0176946432350491
DEMAND_M4_group_7.2-7.6,0.011319600720819556,0.014252164668799916,-0.00293256394798036,0.025571765389619472
TUKETIM_M9_group_400-425,0.011318650824237386,0.0034088896764989385,0.007909761147738448,0.014727540500736325
SAYAC_YAS_4.0,0.011318650824237386,0.0034088896764989385,0.007909761147738448,0.014727540500736325
TUKETIM_M21_group_400-425,0.011318650824237386,0.0034088896764989385,0.007909761147738448,0.014727540500736325
TUKETIM_M22_group_210-240,0.011318650824237386,0.0034088896764989385,0.007909761147738448,0.014727540500736325
TUKETIM_M18_group_120-150,0.011317117257787113,0.005391396385192315,0.005925720872594797,0.016708513642979428
TUKETIM_M4_group_330-360,0.011312894892409331,0.004376177794638003,0.006936717097771328,0.015689072687047334
TUKETIM_M9_group_50-75,0.011312772718774677,0.0014655344803937154,0.009847238238380962,0.012778307199168393
SAYAC_YAS_3.0,0.011308570465487555,0.013260742256605285,-0.0019521717911177294,0.02456931272209284
TUKETIM_M6_group_0-30,0.011304148171820794,0.011278080595975015,2.6067575845778457e-05,0.02258222876779581
ABONELIK_SURESI_yüzde_23,0.011304148171820794,0.013256319962938412,-0.0019521717911176184,0.024560468134759206
TUKETIM_M6_group_60-90,0.011299765071303203,0.013251936862420821,-0.0019521717911176184,0.024551701933724024
TUKETIM_M21_group_150-175,0.011299765071303092,0.011282463696492717,1.7301374810374526e-05,0.02258222876779581
DEMAND_M10_group_2.0-2.5,0.011299765071303092,0.011282463696492717,1.7301374810374526e-05,0.02258222876779581
TUKETIM_M13_group_400-425,0.011299732458948109,0.008306305832657235,0.0029934266262908737,0.019606038291605343
TUKETIM_M21_group_300-325,0.011295355996856493,0.0013956759361223314,0.009899680060734162,0.012691031932978825
DEMAND_M9_group_1.6-2.0,0.011294705058304877,0.012269359742873243,-0.0009746546845683657,0.02356406480117812
TUKETIM_M16_group_270-300,0.01128811115441053,0.015221461746914966,-0.0039333505925044365,0.026509572901325495
DEMAND_M10_group_6.0-6.5,0.011286641628750316,0.0073391084051186994,0.003947533223631616,0.018625750033869015
DEMAND_M6_group_6.8-7.2,0.011286641628750316,0.0073391084051186994,0.003947533223631616,0.018625750033869015
DEMAND_M5_group_6.5-7.0,0.011274981103444048,0.006354300660884715,0.004920680442559333,0.017629281764328764
DEMAND_M4_group_0.8-1.2,0.011273761745754562,0.008345504059078301,0.002928257686676261,0.019619265804832864
TUKETIM_M7_group_450-480,0.011265060698335272,0.0014698022398200172,0.009795258458515255,0.01273486293815529
TUKETIM_M21_group_75-100,0.01126309025272737,0.008356175552105494,0.0029069147006218765,0.019619265804832864
TUKETIM_M14_group_400-425,0.010997207114857133,0.002971019103975403,0.013968226218832536,0.00802618801088173
TUKETIM_M3_group_200-225,0.010910227793215876,0.007878341156407342,0.01878856894962322,0.003031886636808534
DEMAND_M12_group_2.5-3.0,0.010891372129826049,0.0009427682405530602,0.01183414037037911,0.009948603889272989
TUKETIM_M14_group_100-125,0.010879182730692827,0.002969421582954379,0.007909761147738448,0.013848604313647206
DEMAND_M2_group_4.4-4.95,0.010868738344374573,0.017665871375802278,-0.0067971330314277045,0.02853460972017685
DEMAND_M8_group_6.0-6.4,0.010862689148193772,0.0029089669323772993,0.007953722215816472,0.01377165608057107
TUKETIM_M13_group_600-üzeri,0.010855206587810029,0.00489442091107406,0.005960785676735969,0.01574962749888409
TUKETIM_M21_group_100-125,0.010853225963174729,0.0019250812359936642,0.008928144727181064,0.012778307199168393
TUKETIM_M19_group_400-425,0.010847040010930065,0.0019500507348253482,0.012797090745755413,0.008896989276104716
TUKETIM_M14_group_375-400,0.010845708422004052,0.0028476314569029215,0.00799807696510113,0.013693339878906974
TUKETIM_M20_group_625-650,0.010842728408751612,0.005891547142669984,0.004951181266081628,0.016734275551421596
TUKETIM_M9_group_500-525,0.010840134673246293,0.004879348996510324,0.005960785676735969,0.015719483669756618
TUKETIM_M9_group_600-625,0.010840134673246293,0.004879348996510324,0.005960785676735969,0.015719483669756618
DEMAND_M4_group_2.4-2.8,0.010832128799253826,0.0038954117014824985,0.006936717097771328,0.014727540500736325
TUKETIM_M10_group_500-525,0.010829847454530528,0.0058786661884489,0.004951181266081628,0.016708513642979428
TUKETIM_M3_group_450-475,0.010826755873290184,0.0019946139389176443,0.00883214193437254,0.012821369812207828
DEMAND_M5_group_8.0 üzeri,0.010819128427803082,0.005837174414066726,0.004981954013736356,0.016656302841869808
TUKETIM_M6_group_240-270,0.01081472580824444,0.008804539996588423,0.002010185811656018,0.019619265804832864
DEMAND_M4_group_6.4-6.8,0.01081472580824444,0.008804539996588423,0.002010185811656018,0.019619265804832864
DEMAND_M2_group_0.55-1.1,0.010814465021481146,0.014704621308722798,-0.003890156287241653,0.025519086330203944
TUKETIM_M2_group_600-üzeri,0.010812463115871307,0.003915077384865018,0.006897385731006289,0.014727540500736325
TUKETIM_M9_group_550-575,0.010812463115871307,0.003915077384865018,0.006897385731006289,0.014727540500736325
TUKETIM_M7_group_600-630,0.010812399527134031,0.0010171410686187765,0.009795258458515255,0.011829540595752808
TUKETIM_M17_group_480-510,0.010811722123523826,0.013739979810200198,-0.002928257686676372,0.024551701933724024
TUKETIM_M7_group_180-210,0.010810290912257658,0.006862757688626042,0.003947533223631616,0.0176730486008837
TUKETIM_M18_group_210-240,0.010808125135281899,0.01177410363251391,-0.0009659784972320118,0.02258222876779581
TUKETIM_M20_group_450-475,0.010808125135281843,0.011774103632513855,-0.0009659784972320118,0.022582228767795698
TUKETIM_M21_group_350-375,0.010808125135281843,0.011774103632513855,-0.0009659784972320118,0.022582228767795698
TUKETIM_M3_group_0-25,0.010805946505030306,0.011776282262765503,-0.0009703357577351968,0.02258222876779581
DEMAND_M7_group_4.4-4.8,0.01080155051332271,0.002891789365584263,0.007909761147738448,0.013693339878906974
DEMAND_M4_group_8.8-9.2,0.010797327677473545,0.002974328403097526,0.007822999274376019,0.01377165608057107
TUKETIM_M22_group_120-150,0.010795212330152848,0.006899430904896253,0.0038957814252565948,0.0176946432350491
TUKETIM_M1_group_0-25,0.010795212330152848,0.006899430904896253,0.0038957814252565948,0.0176946432350491
TUKETIM_M11_group_390-420,0.01078858121995635,0.008830684584876514,0.0019578966350798366,0.019619265804832864
DEMAND_M6_group_2.0-2.4,0.010788432393921299,0.009803746622630782,0.0009846857712905166,0.02059217901655208
DEMAND_M9_group_4.4-4.8,0.010786485853887195,0.005896037899159268,0.004890447954727928,0.016682523753046463
DEMAND_M9_group_EKSIK,0.010783787420483304,0.007876872719861427,0.0029069147006218765,0.01866066014034473
TUKETIM_M1_group_125-150,0.010764680496784695,0.0009694220382694407,0.009795258458515255,0.011734102535054136
TUKETIM_M7_group_420-450,0.010764680496784695,0.0009694220382694407,0.009795258458515255,0.011734102535054136
DEMAND_M11_group_5.5-6.0,0.010758169576641496,0.0029351703022654774,0.007822999274376019,0.013693339878906974
DEMAND_M10_group_EKSIK,0.010465877740620022,0.0005172738513470332,0.010983151591967055,0.009948603889272989
TUKETIM_M8_group_25-50,0.010380726577463195,0.0004876144519319614,0.010868341029395157,0.009893112125531234
DEMAND_M7_group_4.0-4.4,0.010380150266063426,0.00043154637679043706,0.010811696642853863,0.009948603889272989
SAYAC_YAS_nan,0.01037970032287322,0.004347840177863105,0.006031860145010115,0.014727540500736325
TUKETIM_M3_group_225-250,0.010366469271179568,0.0015909466177822518,0.01195741588896182,0.008775522653397316
TUKETIM_M2_group_125-150,0.010365790756310223,0.0053838367425738665,0.004981954013736356,0.01574962749888409
TUKETIM_M17_group_450-480,0.010344163088736147,0.004383377412000178,0.005960785676735969,0.014727540500736325
TUKETIM_M16_group_660-üzeri,0.010344163088736147,0.004383377412000178,0.005960785676735969,0.014727540500736325
TUKETIM_M21_group_25-50,0.01034403417345342,0.0024342730257149725,0.007909761147738448,0.012778307199168393
TUKETIM_M20_group_250-275,0.010343653076860582,0.004452687613076267,0.0058909654637843145,0.014796340689936849
DEMAND_M8_group_5.6-6.0,0.010341602147199702,0.006314700694670106,0.0040269014525295965,0.016656302841869808
TUKETIM_M8_group_650-675,0.01033504850835909,0.009284217296473773,0.001050831211885317,0.019619265804832864
TUKETIM_M15_group_600-625,0.01033504850835909,0.009284217296473773,0.001050831211885317,0.019619265804832864
DEMAND_M7_group_6.8-7.2,0.01033504850835909,0.009284217296473773,0.001050831211885317,0.019619265804832864
TUKETIM_M19_group_550-575,0.01033504850835909,0.009284217296473773,0.001050831211885317,0.019619265804832864
TUKETIM_M18_group_480-510,0.01033504850835909,0.009284217296473773,0.001050831211885317,0.019619265804832864
TUKETIM_M3_group_650-675,0.01033504850835909,0.009284217296473773,0.001050831211885317,0.019619265804832864
TUKETIM_M10_group_475-500,0.01033504850835909,0.009284217296473773,0.001050831211885317,0.019619265804832864
TUKETIM_M2_group_100-125,0.010333237613587287,0.0073398109872964135,0.0029934266262908737,0.0176730486008837
TUKETIM_M18_group_60-90,0.010328138943927367,0.006354384809119096,0.003973754134808272,0.016682523753046463
DEMAND_M12_group_8.5-9.0,0.010321761678928731,0.009270930467043415,0.001050831211885317,0.019592692145972146
TUKETIM_M22_group_360-390,0.010315028488339095,0.009304237316493769,0.0010107911718453266,0.019619265804832864
TUKETIM_M13_group_450-475,0.010315028488339095,0.003417642757332806,0.006897385731006289,0.013732671245671901
DEMAND_M9_group_5.2-5.6,0.010315028488339095,0.003417642757332806,0.006897385731006289,0.013732671245671901
DEMAND_M10_group_4.5-5.0,0.01031502848833904,0.0063674952647074234,0.003947533223631616,0.016682523753046463
TUKETIM_M22_group_EKSIK,0.010311450460862681,0.00738319277418642,0.002928257686676261,0.0176946432350491
TUKETIM_M13_group_EKSIK,0.01030925298226032,0.004418287518476005,0.0058909654637843145,0.014727540500736325
SAYAC_YAS_13.0,0.010304921090012242,0.010304921090012242,0.0,0.020609842180024485
TUKETIM_M4_group_150-180,0.010301741658908736,0.00929095048706341,0.0010107911718453266,0.019592692145972146
TUKETIM_M11_group_30-60,0.010300395769579973,0.010291783246972108,8.612522607864825e-06,0.02059217901655208
TUKETIM_M17_group_390-420,0.010292229255533247,0.004469862659867541,0.005822366595665707,0.014762091915400788
TUKETIM_M5_group_0-30,0.010292228670737535,0.01616596908930623,-0.005873740418568696,0.026458197760043767
TUKETIM_M23_group_350-375,0.010289535712991571,0.005368855270432238,0.004920680442559333,0.01565839098342381
TUKETIM_M4_group_180-210,0.010282692571071894,0.008307520228659937,0.001975172342411957,0.01859021279973183
TUKETIM_M8_group_250-275,0.010074650919670247,0.004037434317324562,0.014112085236994809,0.006037216602345685
SAYAC_MODEL_group_DIGER,0.009916537593426089,0.0020067764456876414,0.007909761147738448,0.01192331403911373
DEMAND_M12_group_0-0.5,0.009900386441044018,0.00296366934327269,0.006936717097771328,0.012864055784316708
TUKETIM_M4_group_450-480,0.009885935229372034,0.004841605271364291,0.005044329958007743,0.014727540500736325
TUKETIM_M20_group_200-225,0.009868405394657165,3.1274666076996915e-05,0.009899680060734162,0.009837130728580168
DEMAND_M3_group_2.2-2.75,0.009859232134709905,0.001027090200337366,0.00883214193437254,0.010886322335047272
TUKETIM_M3_group_175-200,0.009855631287804534,0.0028792316503507553,0.0069763996374537784,0.01273486293815529
TUKETIM_M7_group_270-300,0.009855481732739146,0.0009273370055580821,0.008928144727181064,0.010782818738297228
TUKETIM_M16_group_120-150,0.00985474725723634,0.004872793243499984,0.004981954013736356,0.014727540500736325
TUKETIM_M21_group_525-550,0.00985474725723634,0.004872793243499984,0.004981954013736356,0.014727540500736325
DEMAND_M9_group_6.8-7.2,0.00985474725723634,0.004872793243499984,0.004981954013736356,0.014727540500736325
TUKETIM_M11_group_180-210,0.009852842377473248,0.004839840039237708,0.005013002338235539,0.014692682416710956
TUKETIM_M15_group_150-175,0.009852842377473248,0.004839840039237708,0.005013002338235539,0.014692682416710956
TUKETIM_M10_group_325-350,0.00985097013463515,0.006857543508344277,0.0029934266262908737,0.016708513642979428
TUKETIM_M8_group_575-600,0.009846582161394057,0.014722730560698782,-0.004876148399304725,0.02456931272209284
TUKETIM_M4_group_300-330,0.009845610530772986,0.007870438188361029,0.001975172342411957,0.017716048719134014
TUKETIM_M19_group_475-500,0.009839360883408976,0.004888179617327348,0.004951181266081628,0.014727540500736325
TUKETIM_M19_group_500-525,0.009837318215223656,0.0048553642014873,0.004981954013736356,0.014692682416710956
DEMAND_M5_group_5.5-6.0,0.009835725656095029,0.008824934484249702,0.0010107911718453266,0.01866066014034473
DEMAND_M12_group_2.0-2.5,0.009834889125549473,0.013733532936131831,-0.0038986438105823584,0.023568422061681304
TUKETIM_M16_group_450-480,0.009827062777821471,0.0038662771010855024,0.005960785676735969,0.013693339878906974
DEMAND_M3_group_0-0.55,0.009827017438374552,0.006855506314671911,0.0029715111237026415,0.016682523753046463
TUKETIM_M23_group_175-200,0.009826289101899366,0.013742132959781939,-0.003915843857882573,0.023568422061681304
TUKETIM_M21_group_425-450,0.009824110471647829,0.004903430029088496,0.004920680442559333,0.014727540500736325
TUKETIM_M24_group_375-400,0.009824110471647829,0.004903430029088496,0.004920680442559333,0.014727540500736325
TUKETIM_M16_group_EKSIK,0.009821931841396292,0.004870750575314664,0.004951181266081628,0.014692682416710956
TUKETIM_M10_group_300-325,0.009818385664827844,0.006890127978151583,0.002928257686676261,0.016708513642979428
DEMAND_M11_group_1.0-1.5,0.009818270602857171,0.008807479431011844,0.0010107911718453266,0.018625750033869015
TUKETIM_M7_group_570-600,0.009816194593547711,2.0936135032456615e-05,0.009795258458515255,0.009837130728580168
DEMAND_M5_group_3.5-4.0,0.009814085726961963,0.003957570353609108,0.005856515373352855,0.01377165608057107
DEMAND_M4_group_EKSIK,0.009811818354728108,0.003920852890943793,0.0058909654637843145,0.013732671245671901
TUKETIM_M10_group_75-100,0.009802962103527713,0.005855428879896096,0.003947533223631616,0.01565839098342381
DEMAND_M1_group_0-0.4,0.00980251583748254,0.0019795165631065204,0.007822999274376019,0.01178203240058906
TUKETIM_M3_group_550-575,0.009468428851416855,0.006436542214608321,0.015904971066025175,0.003031886636808534
TUKETIM_M8_group_425-450,0.00942478969487448,0.0005278004187697638,0.009952590113644244,0.008896989276104716
TUKETIM_M19_group_300-325,0.00942478969487448,0.0005278004187697638,0.009952590113644244,0.008896989276104716
TUKETIM_M14_group_450-475,0.009420022275431872,0.0014663000596153997,0.007953722215816472,0.010886322335047272
DEMAND_M11_group_6.5-7.0,0.009394557207043075,0.0005580329066011691,0.009952590113644244,0.008836524300441906
TUKETIM_M3_group_350-375,0.00939074867478712,0.0006152260213898031,0.010005974696176922,0.008775522653397316
DEMAND_M4_group_4.4-4.8,0.00938646715282565,0.01814136003237865,-0.008754892879553,0.0275278271852043
DEMAND_M3_group_5.5-6.05,0.009380764351106019,0.003416326394649394,0.012797090745755413,0.005964437956456625
DEMAND_M4_group_8.0-8.4,0.009376805047153713,0.004394851033417357,0.004981954013736356,0.01377165608057107
TUKETIM_M1_group_250-275,0.009376805047153713,0.004394851033417357,0.004981954013736356,0.01377165608057107
TUKETIM_M20_group_500-525,0.00936141867332635,0.0044102374072447215,0.004951181266081628,0.01377165608057107
TUKETIM_M16_group_60-90,0.00936141867332635,0.0044102374072447215,0.004951181266081628,0.01377165608057107
SAYAC_YAS_10.0,0.009359349727317723,0.007349163915661705,0.002010185811656018,0.016708513642979428
DEMAND_M4_group_3.2-3.6,0.009356455148023746,0.006363028521732872,0.0029934266262908737,0.015719483669756618
DEMAND_M4_group_6.8-7.2,0.009352305390836257,0.006336767296211077,0.003015538094625181,0.015689072687047334
TUKETIM_M15_group_675-700,0.009350647317772298,0.0053768931829640265,0.003973754134808272,0.014727540500736325
TUKETIM_M16_group_420-450,0.009350231420024946,0.0003734414625086724,0.008976789957516274,0.009723672882533618
DEMAND_M3_group_8.2-8.75,0.009348993648616022,0.004304663690608279,0.005044329958007743,0.013653657339224301
TUKETIM_M5_group_300-330,0.009346289943017838,0.0014365287952793904,0.007909761147738448,0.010782818738297228
DEMAND_M3_group_3.3-3.85,0.009346036240277023,0.011298208031394752,-0.0019521717911177294,0.020644244271671774
TUKETIM_M5_group_390-420,0.009341919886364514,0.008331128714519187,0.0010107911718453266,0.0176730486008837
DEMAND_M12_group_5.5-6.0,0.009335409816412732,0.002398692718641404,0.006936717097771328,0.011734102535054136
TUKETIM_M1_group_75-100,0.009330291905374988,0.0025038484650041215,0.01183414037037911,0.006826443440370866
SAYAC_YAS_6.0,0.009326643653800426,0.010292622151032438,-0.0009659784972320118,0.019619265804832864
TUKETIM_M8_group_225-250,0.009326643653800426,0.010292622151032438,-0.0009659784972320118,0.019619265804832864
TUKETIM_M8_group_50-75,0.009326643653800426,0.010292622151032438,-0.0009659784972320118,0.019619265804832864
TUKETIM_M2_group_50-75,0.009321525704339695,0.00930422432952932,1.7301374810374526e-05,0.018625750033869015
TUKETIM_M3_group_425-450,0.009321486511190524,0.009286574348011112,3.491216317941248e-05,0.018608060859201636
TUKETIM_M3_group_100-125,0.009302419302652964,0.0043512380365713366,0.004951181266081628,0.013653657339224301
TUKETIM_M19_group_0-25,0.00929189391681745,0.004401445962089523,0.004890447954727928,0.013693339878906974
DEMAND_M6_group_6.0-6.4,0.009249865038104932,0.011752054987144656,0.021001920025249587,-0.0025021899490397237
TUKETIM_M23_group_0-25,0.009008151793098162,0.0019749997988688928,0.010983151591967055,0.00703315199422927
ABONELIK_SURESI_EKSIK,0.008899278766550334,0.004872377314020737,0.0040269014525295965,0.01377165608057107
SAYAC_MARKA_EKSIK,0.008899278766550334,0.004872377314020737,0.0040269014525295965,0.01377165608057107
SAYAC_MODEL_group_EKSIK,0.008899278766550334,0.004872377314020737,0.0040269014525295965,0.01377165608057107
DEMAND_M1_group_0.8-1.2,0.008885932620917247,0.0048857234596538235,0.004000209161263424,0.01377165608057107
TUKETIM_M20_group_325-350,0.008885757807967132,0.001949040710195804,0.006936717097771328,0.010834798518162936
TUKETIM_M5_group_150-180,0.008872940025046794,0.008864327502438929,8.612522607864825e-06,0.017737267527485723
TUKETIM_M24_group_175-200,0.008872533361633406,0.01667265836912535,-0.007800125007491943,0.025545191730758754
TUKETIM_M8_group_375-400,0.008859767918034278,0.0019230508202629504,0.006936717097771328,0.010782818738297228
TUKETIM_M21_group_225-250,0.008846599707134972,0.013735629060660837,-0.004889029353525864,0.02258222876779581
TUKETIM_M3_group_150-175,0.008843022102118459,0.0038918408360368306,0.004951181266081628,0.01273486293815529
TUKETIM_M12_group_90-120,0.008842996376525247,0.01275884023440782,-0.003915843857882573,0.021601836610933067
TUKETIM_M20_group_350-375,0.008833547006857678,0.0018968299090863505,0.006936717097771328,0.010730376915944029
TUKETIM_M3_group_275-300,0.008833547006857678,0.0018968299090863505,0.006936717097771328,0.010730376915944029
TUKETIM_M9_group_125-150,0.008833547006857623,0.010785718797975241,-0.0019521717911176184,0.019619265804832864
TUKETIM_M12_group_270-300,0.008823291569569569,0.008805990194759195,1.7301374810374526e-05,0.017629281764328764
ABONELIK_SURESI_yüzde_25,0.008823265518452084,0.0028624798417161146,0.005960785676735969,0.011685745360168198
TUKETIM_M9_group_450-475,0.008823265518452084,0.0028624798417161146,0.005960785676735969,0.011685745360168198
TUKETIM_M8_group_125-150,0.008820494306580162,0.007835808535289646,0.0009846857712905166,0.016656302841869808
TUKETIM_M5_group_30-60,0.008818947143468314,0.00881033462086045,8.612522607864825e-06,0.017629281764328764
TUKETIM_M22_group_270-300,0.008805733116381498,0.0028800122437867004,0.005925720872594797,0.011685745360168198
ABONELIK_SURESI_yüzde_8,0.008432132472790066,0.020102477247386785,-0.01167034477459672,0.02853460972017685
TUKETIM_M3_group_675-700,0.008429293337238075,0.003447339323501719,0.004981954013736356,0.011876632660739794
TUKETIM_M7_group_630-660,0.008417300632771518,0.00041922366767038755,0.00799807696510113,0.008836524300441906
DEMAND_M9_group_4.0-4.4,0.008405747304744582,0.003423793291008226,0.004981954013736356,0.011829540595752808
TUKETIM_M1_group_175-200,0.008403375211921582,0.0004936140641831344,0.007909761147738448,0.008896989276104716
DEMAND_M8_group_3.2-3.6,0.008401862784762681,0.01912596440044162,-0.010724101615678938,0.0275278271852043
TUKETIM_M21_group_0-25,0.008396515391437542,0.005336155854234359,0.0030603595372031833,0.013732671245671901
TUKETIM_M13_group_125-150,0.008389258180215908,0.0043890490189524844,0.004000209161263424,0.012778307199168393
DEMAND_M8_group_1.2-1.6,0.008379856741846603,0.014202372025949206,-0.005822515284102603,0.02258222876779581
TESISAT_TIPI_Ticarethane-Sanayi,0.008373654107570516,0.007375973391313573,0.0009976807162569434,0.01574962749888409
DEMAND_M6_group_0-0.4,0.008371751177414677,0.017186668066571598,-0.00881491688915692,0.025558419243986275
TUKETIM_M2_group_450-475,0.008363061750552514,0.0015366183101816477,0.009899680060734162,0.006826443440370866
TUKETIM_M12_group_360-390,0.008362907508894901,0.008345606134084527,1.7301374810374526e-05,0.016708513642979428
DEMAND_M2_group_1.65-2.2,0.00835567534840731,0.012262881352623656,-0.003907206004216346,0.020618556701030966
TUKETIM_M21_group_EKSIK,0.008354244174613501,0.01030641596573123,-0.0019521717911177294,0.01866066014034473
TUKETIM_M13_group_500-525,0.008351356421574141,0.006376184079162184,0.001975172342411957,0.014727540500736325
TUKETIM_M15_group_500-525,0.008345555322410991,0.014236673445384818,-0.005891118122973826,0.02258222876779581
TUKETIM_M12_group_120-150,0.008345555322410991,0.014236673445384818,-0.005891118122973826,0.02258222876779581
TUKETIM_M5_group_360-390,0.008343331246077501,0.011289045014343635,-0.002945713768266134,0.019632376260421136
TUKETIM_M19_group_100-125,0.008336789121375643,0.010288960912493372,-0.0019521717911177294,0.018625750033869015
TUKETIM_M7_group_30-60,0.008336789121375643,0.010288960912493372,-0.0019521717911177294,0.018625750033869015
TUKETIM_M3_group_25-50,0.00833454501084957,0.013249679764930244,-0.0049151347540806745,0.021584224775779814
TUKETIM_M7_group_150-180,0.008330464466174081,0.00540220677949782,0.002928257686676261,0.013732671245671901
TUKETIM_M16_group_390-420,0.008330194990152473,0.0013934778923811453,0.006936717097771328,0.009723672882533618
TUKETIM_M9_group_250-275,0.00832820313592697,0.004406659802228319,0.003921543333698652,0.01273486293815529
DEMAND_M1_group_4.0-4.4,0.00832357459511257,0.008306273220302196,1.7301374810374526e-05,0.016629847815414767
TUKETIM_M9_group_275-300,0.008306287633338738,0.0043847442996400865,0.003921543333698652,0.012691031932978825
DEMAND_M1_group_1.2-1.6,0.008293235644010633,0.007334199283745346,0.0009590363602652863,0.01562743492775598
TUKETIM_M17_group_0-30,0.008058509093807231,0.00977171278470923,0.01783022187851646,-0.0017132036909019988
TUKETIM_M11_group_300-330,0.007946820864657034,0.001010103766885706,0.006936717097771328,0.00895692463154274
DEMAND_M2_group_EKSIK,0.007926481187397527,0.0009100431130443787,0.0070164380743531485,0.008836524300441906
TUKETIM_M23_group_450-475,0.007925831585785525,2.7890630030946717e-05,0.007953722215816472,0.007897940955754579
TUKETIM_M14_group_150-175,0.007914874878508116,0.003914665717244692,0.004000209161263424,0.011829540595752808
TUKETIM_M12_group_0-30,0.007912082942185705,0.003964549718554089,0.003947533223631616,0.011876632660739794
DEMAND_M11_group_6.0-6.5,0.007907662763824874,0.0010492618677178656,0.006858400896107009,0.00895692463154274
DEMAND_M3_group_1.65-2.2,0.007907398219249295,0.019620428965955006,-0.01171303074670571,0.0275278271852043
DEMAND_M12_group_4.0-4.5,0.007896440467955235,0.004924929344252593,0.0029715111237026415,0.012821369812207828
SAYAC_MODEL_group_%3-5,0.007892989892122282,0.002941808626040654,0.004951181266081628,0.010834798518162936
DEMAND_M9_group_3.6-4.0,0.007892989892122282,0.002941808626040654,0.004951181266081628,0.010834798518162936
DEMAND_M1_group_2.4-2.8,0.007887942439739448,0.0009919881817475051,0.008879930621486953,0.006895954257991943
TUKETIM_M15_group_575-600,0.00788212873249794,0.005889527348073131,0.001992601384424808,0.01377165608057107
TUKETIM_M15_group_550-575,0.00788212873249794,0.005889527348073131,0.001992601384424808,0.01377165608057107
TUKETIM_M11_group_510-üzeri,0.007879120010745921,0.01666389307077526,-0.008784773060029338,0.02454301308152118
TUKETIM_M23_group_25-50,0.007867000002189428,0.0029158187361078003,0.004951181266081628,0.010782818738297228
DEMAND_M8_group_4.0-4.4,0.007864782812110338,0.003917249588478722,0.003947533223631616,0.01178203240058906
TUKETIM_M10_group_25-50,0.007859918454302117,0.001863754428231501,0.005996164026070616,0.009723672882533618
TUKETIM_M12_group_150-180,0.007853928334931204,0.0038801742001229322,0.003973754134808272,0.011734102535054136
DEMAND_M11_group_4.0-4.5,0.0078488426048276,0.007840230082219735,8.612522607864825e-06,0.015689072687047334
DEMAND_M2_group_6.05-6.55,0.00784735371297196,0.011771912091860903,-0.003924558378888943,0.019619265804832864
TUKETIM_M16_group_30-60,0.007835809326523668,0.0019448438627393538,0.0058909654637843145,0.009780653189263022
TUKETIM_M3_group_75-100,0.007835576242559983,0.010772484616641653,-0.0029369083740816704,0.018608060859201636
TUKETIM_M17_group_120-150,0.007814659189659012,0.006842854372589524,0.0009718048170694882,0.014657513562248536
DEMAND_M11_group_4.5-5.0,0.0078031101433748695,0.0058105087589500615,0.001992601384424808,0.013613618902324931
TUKETIM_M14_group_125-150,0.00750650617538734,0.00438899760223882,0.01189550377762616,0.0031175085731485197
TUKETIM_M24_group_0-25,0.007477396840838091,0.002526215574756463,0.004951181266081628,0.010003612415594554
TUKETIM_M24_group_350-375,0.007433903078905402,0.0015428868786108718,0.008976789957516274,0.00589101620029453
TUKETIM_M20_group_100-125,0.00741750383971318,0.003417294678449756,0.004000209161263424,0.010834798518162936
TUKETIM_M9_group_200-225,0.007417329026762953,0.0004806119289916255,0.006936717097771328,0.007897940955754579
DEMAND_M1_group_7.6-8.0,0.007404510455638502,0.006367145624932569,0.0010373648307059335,0.01377165608057107
DEMAND_M2_group_8.75-9.3,0.007398862054687705,0.0035266283632089945,0.0109254904178967,0.0038722336914787103
TUKETIM_M14_group_550-575,0.007394155997330898,0.00244297473124927,0.004951181266081628,0.009837130728580168
DEMAND_M6_group_1.6-2.0,0.007394079745623283,0.007368012169777505,2.6067575845778457e-05,0.014762091915400788
DEMAND_M6_group_3.2-3.6,0.007394079745623283,0.007368012169777505,2.6067575845778457e-05,0.014762091915400788
TUKETIM_M19_group_275-300,0.007391051880151878,0.01519117688764382,-0.007800125007491943,0.022582228767795698
TUKETIM_M9_group_225-250,0.007389664794474449,0.004439875801278359,0.0029497889931960897,0.011829540595752808
DEMAND_M8_group_2.4-2.8,0.007385688346825292,0.007341852153911033,4.383619291425944e-05,0.014727540500736325
TUKETIM_M23_group_325-350,0.0073854542917966,0.005392852907371792,0.001992601384424808,0.012778307199168393
TUKETIM_M3_group_500-525,0.007381395324762563,0.005353467613392726,0.002027927711369837,0.01273486293815529
TUKETIM_M5_group_240-270,0.007378899141214534,0.004450641454538273,0.002928257686676261,0.011829540595752808
ABONELIK_SURESI_yüzde_26,0.0073781139305582055,0.01225426232986293,-0.004876148399304725,0.019632376260421136
TUKETIM_M23_group_475-500,0.0073717304488202795,0.006399925631750791,0.0009718048170694882,0.01377165608057107
TUKETIM_M24_group_200-225,0.007365910696892575,0.004416121703696485,0.0029497889931960897,0.01178203240058906
TUKETIM_M16_group_210-240,0.007365878563142136,0.014227230521171863,-0.006861351958029727,0.021593109084314
TUKETIM_M9_group_525-550,0.007363770250368162,0.007363770250368162,0.0,0.014727540500736325
TUKETIM_M4_group_120-150,0.007359476766183981,0.000463522508192038,0.007822999274376019,0.006895954257991943
TUKETIM_M1_group_300-üzeri,0.00735941325255407,0.004413905152406805,0.011773318404960875,0.002945508100147265
TUKETIM_M13_group_25-50,0.007359368464656069,0.008329704222391265,-0.0009703357577351968,0.015689072687047334
TUKETIM_M3_group_375-400,0.007359349175193652,0.010291913123174012,-0.00293256394798036,0.017651262298367665
TUKETIM_M10_group_600-üzeri,0.007352065525376039,0.009304237316493769,-0.0019521717911177294,0.016656302841869808
TUKETIM_M13_group_525-550,0.007338838012148574,0.009291009803266193,-0.0019521717911176184,0.016629847815414767
DEMAND_M3_group_0.55-1.1,0.007337270220852954,0.010269834168833314,-0.00293256394798036,0.017607104389686268
TUKETIM_M10_group_250-275,0.007325491866515432,0.009277663657633162,-0.0019521717911177294,0.016603155524148594
TUKETIM_M13_group_550-575,0.006936100512046572,0.0058852693001612555,0.001050831211885317,0.012821369812207828
TUKETIM_M8_group_300-325,0.006934392629859731,0.008970578436165444,0.015904971066025175,-0.0020361858063057126
DEMAND_M7_group_0-0.4,0.006925902501575876,0.0049507301591639186,0.001975172342411957,0.011876632660739794
DEMAND_M7_group_1.6-2.0,0.006924763319338723,0.0019117609811031833,0.005013002338235539,0.008836524300441906
TUKETIM_M19_group_450-475,0.006924085271093172,0.0019729040050115443,0.004951181266081628,0.008896989276104716
TUKETIM_M16_group_90-120,0.006916335677881635,2.038141988969233e-05,0.006936717097771328,0.006895954257991943
TUKETIM_M23_group_150-175,0.00690544243169422,0.002931688296885948,0.003973754134808272,0.009837130728580168
TUKETIM_M24_group_500-üzeri,0.006898683588669907,0.01469880859616185,-0.007800125007491943,0.021597492184831757
TUKETIM_M23_group_500-üzeri,0.006896279960092122,0.011747002475847368,-0.004850722515755246,0.01864328243593949
TUKETIM_M15_group_100-125,0.006887316892506934,0.004894715508082126,0.001992601384424808,0.01178203240058906
TUKETIM_M9_group_625-650,0.0068836559393195,0.008835827730437118,-0.0019521717911176184,0.015719483669756618
TUKETIM_M11_group_0-30,0.00687931792092622,0.011781342219418511,-0.004902024298492291,0.01866066014034473
TUKETIM_M13_group_350-375,0.006877203662035647,0.0029034495272273753,0.003973754134808272,0.009780653189263022
TUKETIM_M3_group_300-325,0.006866271827206116,0.005868591110949173,0.0009976807162569434,0.01273486293815529
TUKETIM_M10_group_425-450,0.006864093206447319,0.002916559982815703,0.003947533223631616,0.009780653189263022
DEMAND_M6_group_0.4-0.8,0.006861037880056209,0.010768243884272555,-0.003907206004216346,0.017629281764328764
TUKETIM_M22_group_150-180,0.006859774354722903,0.005875088583432386,0.0009846857712905166,0.01273486293815529
DEMAND_M7_group_2.0-2.4,0.006854637438733047,0.0048794650963210895,0.001975172342411957,0.011734102535054136
DEMAND_M7_group_0.8-1.2,0.006854637438733047,0.0048794650963210895,0.001975172342411957,0.011734102535054136
DEMAND_M1_group_4.4-4.8,0.006852929362974602,0.009776918452440164,-0.002923989089465562,0.016629847815414767
DEMAND_M11_group_7.5-8.0,0.0065915317903898485,0.009313439275635327,0.015904971066025175,-0.0027219074852454783
DEMAND_M6_group_4.4-4.8,0.00654383726113783,0.007353421358839096,0.013897258619976927,-0.0008095840977012658
TUKETIM_M14_group_275-300,0.006504071012309043,0.0015221169985726868,0.004981954013736356,0.00802618801088173
TUKETIM_M14_group_EKSIK,0.006488684638481679,0.0015375033724000509,0.004951181266081628,0.00802618801088173
TUKETIM_M14_group_200-225,0.006488684638481679,0.0015375033724000509,0.004951181266081628,0.00802618801088173
TUKETIM_M20_group_575-600,0.006449052906268404,0.002576819214789694,0.009025872121058098,0.0038722336914787103
DEMAND_M1_group_EKSIK,0.006449052906268404,0.002576819214789694,0.009025872121058098,0.0038722336914787103
TUKETIM_M4_group_540-570,0.006449052906268404,0.002576819214789694,0.009025872121058098,0.0038722336914787103
TUKETIM_M23_group_400-425,0.006449052906268404,0.002576819214789694,0.009025872121058098,0.0038722336914787103
DEMAND_M4_group_8.4-8.8,0.006449052906268404,0.002576819214789694,0.009025872121058098,0.0038722336914787103
TUKETIM_M4_group_90-120,0.00643946185973604,0.004446860475311232,0.001992601384424808,0.010886322335047272
DEMAND_M6_group_4.8-5.2,0.006422261249868166,0.00247472802623655,0.003947533223631616,0.008896989276104716
TUKETIM_M20_group_175-200,0.006422160223001183,0.007388138720233195,-0.0009659784972320118,0.013810298943234378
TUKETIM_M8_group_100-125,0.0064103835759184435,0.012232898860021046,-0.005822515284102603,0.01864328243593949
DEMAND_M11_group_7.0-7.5,0.006407460122329511,0.0014255061085931553,0.004981954013736356,0.007832966230922667
DEMAND_M7_group_3.6-4.0,0.006406609681173903,0.00637169751799449,3.491216317941248e-05,0.012778307199168393
TUKETIM_M7_group_60-90,0.006389754240484213,0.01322951156434865,-0.006839757323864437,0.019619265804832864
DEMAND_M4_group_3.6-4.0,0.006387785382987399,0.004447013135175537,0.0019407722478118616,0.010834798518162936
TUKETIM_M9_group_350-375,0.006387684354809353,0.008339856145926972,-0.0019521717911176184,0.014727540500736325
TUKETIM_M20_group_525-550,0.006387684354809353,0.008339856145926972,-0.0019521717911176184,0.014727540500736325
DEMAND_M10_group_8.0 üzeri,0.006378829515643725,0.010277473326226083,-0.0038986438105823584,0.016656302841869808
DEMAND_M10_group_6.5-7.0,0.006374618999937687,0.011276643298429978,-0.004902024298492291,0.017651262298367665
DEMAND_M8_group_4.4-4.8,0.006370255312796669,0.008322427103914287,-0.0019521717911176184,0.014692682416710956
TUKETIM_M23_group_125-150,0.006370255312796669,0.008322427103914287,-0.0019521717911176184,0.014692682416710956
TUKETIM_M5_group_420-450,0.006365602002416204,0.010264245812998563,-0.0038986438105823584,0.016629847815414767
TUKETIM_M6_group_360-390,0.006361795493054545,0.004421023245242683,0.0019407722478118616,0.010782818738297228
DEMAND_M2_group_5.5-6.05,0.006354882022620523,0.019203537221365752,-0.012848655198745229,0.025558419243986275
TUKETIM_M24_group_275-300,0.006353056498962006,0.0014699427754140126,0.007822999274376019,0.004883113723547994
TUKETIM_M15_group_50-75,0.006330755190859794,0.0023832219672281774,0.003947533223631616,0.008713977158087971
TUKETIM_M7_group_660-üzeri,0.006042274610668585,0.010911026235029653,0.016953300845698238,-0.004868751624361067
TUKETIM_M17_group_510-üzeri,0.00601510026355756,0.003990874432619362,0.010005974696176922,0.0020242258309381977
DEMAND_M4_group_1.6-2.0,0.005992628284932022,0.0020968468596754275,0.0038957814252565948,0.00808947514460745
DEMAND_M7_group_5.2-5.6,0.005973404226295609,0.0009914502125592528,0.004981954013736356,0.006964854438854862
TUKETIM_M20_group_275-300,0.00593222637946611,0.005897314216286698,3.491216317941248e-05,0.011829540595752808
TUKETIM_M3_group_475-500,0.005932014285590537,0.0029001276487820027,0.00883214193437254,0.003031886636808534
DEMAND_M5_group_2.5-3.0,0.005931831910738927,0.0098476757686215,-0.003915843857882573,0.015779507679360427
TUKETIM_M4_group_660-üzeri,0.00592976667289058,0.011786282046243435,-0.005856515373352855,0.017716048719134014
TUKETIM_M9_group_700-üzeri,0.00591623961720994,0.004918558900952996,0.0009976807162569434,0.010834798518162936
TUKETIM_M21_group_550-575,0.005912977953647591,0.002040744262168881,0.007953722215816472,0.0038722336914787103
TUKETIM_M6_group_120-150,0.005912591770659559,0.00884950014474123,-0.0029369083740816704,0.014762091915400788
DEMAND_M1_group_9.2 üzeri,0.005909742144726671,0.0078619139358444,-0.0019521717911177294,0.01377165608057107
DEMAND_M8_group_0.8-1.2,0.005905910656929192,0.011745351641438473,-0.005839440984509281,0.017651262298367665
TUKETIM_M1_group_25-50,0.0059018199059370224,0.009817663763819595,-0.003915843857882573,0.015719483669756618
SAYAC_YAS_7.0,0.005896689444449377,0.010811824198530051,-0.0049151347540806745,0.016708513642979428
TUKETIM_M10_group_200-225,0.005896689444449321,0.013722576360383543,-0.007825886915934221,0.019619265804832864
TUKETIM_M20_group_425-450,0.005895316063327327,0.008832224437408998,-0.0029369083740816704,0.014727540500736325
TUKETIM_M10_group_575-600,0.005893124513068448,0.008834415987667876,-0.002941291474599428,0.014727540500736325
TUKETIM_M9_group_650-675,0.005893124513068448,0.008834415987667876,-0.002941291474599428,0.014727540500736325
DEMAND_M4_group_0.4-0.8,0.005892996355002289,0.012732753678866726,-0.006839757323864437,0.018625750033869015
TUKETIM_M19_group_150-175,0.005883402615018962,0.013709289530953184,-0.007825886915934221,0.019592692145972146
TUKETIM_M9_group_100-125,0.005882257154079196,0.009806815532968138,-0.003924558378888943,0.015689072687047334
TUKETIM_M10_group_225-250,0.00587791276583749,0.0039027404234255325,0.001975172342411957,0.009780653189263022
TUKETIM_M3_group_125-150,0.005873354450585955,0.012734706408615681,-0.006861351958029727,0.018608060859201636
TUKETIM_M18_group_420-450,0.005864028816100486,0.004866348099843543,0.0009976807162569434,0.010730376915944029
TUKETIM_M1_group_150-175,0.005557792769124825,0.0024402841959763055,0.00799807696510113,0.0031175085731485197
SAYAC_MODEL_group_%6-8,0.005525203208263552,0.0035500308658515944,0.001975172342411957,0.009075234074115146
DEMAND_M9_group_5.6-6.0,0.005494198934213657,0.0005430176681320287,0.004951181266081628,0.006037216602345685
TUKETIM_M8_group_400-425,0.005486656924974853,0.0014500601727964746,0.006936717097771328,0.0040365967521783785
DEMAND_M12_group_1.0-1.5,0.005464667291228631,0.0004262981725556836,0.0058909654637843145,0.005038369118672947
TUKETIM_M3_group_50-75,0.005445396420894089,0.004447715704637145,0.0009976807162569434,0.009893112125531234
TUKETIM_M20_group_225-250,0.005438867497627009,0.008371431445607369,-0.00293256394798036,0.013810298943234378
DEMAND_M8_group_0.4-0.8,0.005434854196400107,0.0014611000615918357,0.003973754134808272,0.006895954257991943
DEMAND_M10_group_7.0-7.5,0.005418692106747336,0.009308848393988989,-0.003890156287241653,0.014727540500736325
DEMAND_M1_group_3.2-3.6,0.0054173738532447,0.00835428222732637,-0.0029369083740816704,0.01377165608057107
DEMAND_M8_group_6.8-7.2,0.0054173738532447,0.00835428222732637,-0.0029369083740816704,0.01377165608057107
TUKETIM_M4_group_210-240,0.0054164552292941814,0.012299593489839833,-0.0068831382605456515,0.017716048719134014
TUKETIM_M21_group_625-650,0.005414448345076983,0.009313092155659342,-0.0038986438105823584,0.014727540500736325
TUKETIM_M15_group_225-250,0.0054058483214269315,0.006376184079162128,-0.0009703357577351968,0.01178203240058906
DEMAND_M2_group_8.2-8.75,0.005404475394625019,0.0015322417031463087,0.006936717097771328,0.0038722336914787103
DEMAND_M11_group_0-0.5,0.0054021744578379716,0.014217091346994892,-0.00881491688915692,0.019619265804832864
TUKETIM_M10_group_400-425,0.005395722180554174,0.004384931008708848,0.0010107911718453266,0.009780653189263022
DEMAND_M11_group_5.0-5.5,0.005394762220232163,0.0122345195440966,-0.006839757323864437,0.017629281764328764
ABONELIK_SURESI_yüzde_19,0.005391281211650556,0.011265021630219252,-0.005873740418568696,0.016656302841869808
DEMAND_M12_group_3.0-3.5,0.005358374482571315,0.008295282856652986,-0.0029369083740816704,0.013653657339224301
DEMAND_M8_group_7.2-7.6,0.005353092952469052,0.009268936810351625,-0.003915843857882573,0.014622029762820676
TUKETIM_M8_group_325-350,0.005196477062691718,0.006699026714934442,0.01189550377762616,-0.001502549652242724
TUKETIM_M23_group_200-225,0.005049884768780877,0.0018475009622254124,0.006897385731006289,0.0032023838065554644
DEMAND_M2_group_0-0.55,0.0050377226820931265,0.019513979251630897,-0.014476256569537771,0.024551701933724024
TUKETIM_M13_group_0-25,0.005007447152077404,0.0018899385789288847,0.006897385731006289,0.0031175085731485197
TUKETIM_M20_group_300-325,0.004984301867289931,0.0019524152304813969,0.006936717097771328,0.003031886636808534
TUKETIM_M16_group_360-390,0.0049823235588600245,0.0009821143975966007,0.004000209161263424,0.005964437956456625
DEMAND_M6_group_7.2 üzeri,0.00494733499618083,0.0039496542799238865,0.0009976807162569434,0.008896989276104716
DEMAND_M9_group_0.4-0.8,0.004946556062765617,0.010803071436118472,-0.005856515373352855,0.01574962749888409
TUKETIM_M24_group_100-125,0.004946556062765617,0.010803071436118472,-0.005856515373352855,0.01574962749888409
TUKETIM_M11_group_60-90,0.004943677756163611,0.0038928465442782945,0.001050831211885317,0.008836524300441906
SAYAC_FAZ_N_Trifaze,0.004938684402317539,0.0068908561934352686,-0.0019521717911177294,0.011829540595752808
ABONELIK_SURESI_yüzde_1,0.004938337102242174,0.01271292519612549,-0.007774588093883317,0.017651262298367665
TUKETIM_M9_group_475-500,0.004936506134994356,0.008835149945576715,-0.0038986438105823584,0.01377165608057107
TUKETIM_M17_group_360-390,0.004934410010465462,0.005900388507697474,-0.0009659784972320118,0.010834798518162936
TUKETIM_M20_group_50-75,0.0049322250381773625,0.008839431042393708,-0.003907206004216346,0.01377165608057107
TUKETIM_M24_group_225-250,0.004927216051695271,0.004909914676884897,1.7301374810374526e-05,0.009837130728580168
TUKETIM_M20_group_125-150,0.0049271590548514155,0.007851148144316977,-0.002923989089465562,0.012778307199168393
DEMAND_M8_group_EKSIK,0.0049271590548514155,0.007851148144316977,-0.002923989089465562,0.012778307199168393
DEMAND_M1_group_1.6-2.0,0.004923548850841064,0.008848107229730007,-0.003924558378888943,0.01377165608057107
TUKETIM_M12_group_180-210,0.004923548850841064,0.008848107229730007,-0.003924558378888943,0.01377165608057107
TUKETIM_M5_group_480-510,0.004912758101122017,0.009814782399614308,-0.004902024298492291,0.014727540500736325
TUKETIM_M4_group_630-660,0.004912758101122017,0.009814782399614308,-0.004902024298492291,0.014727540500736325
TUKETIM_M6_group_450-480,0.004912758101122017,0.009814782399614308,-0.004902024298492291,0.014727540500736325
DEMAND_M8_group_1.6-2.0,0.004912687691216722,0.012738574607150943,-0.007825886915934221,0.017651262298367665
SAYAC_FAZ_N_Monofaze,0.004564052339575131,0.0013616685330196665,0.005925720872594797,0.0032023838065554644
DEMAND_M5_group_7.0-7.5,0.004562972635566265,0.0043651720916148,0.008928144727181064,0.00019780054395146518
DEMAND_M9_group_6.0-6.4,0.00454539607396981,0.002431003563483969,0.0069763996374537784,0.0021143925104858408
DEMAND_M7_group_4.8-5.2,0.004478727911639835,0.002486126527215027,0.001992601384424808,0.006964854438854862
TUKETIM_M7_group_510-540,0.00446194098468089,0.002434013273311053,0.002027927711369837,0.006895954257991943
DEMAND_M8_group_3.6-4.0,0.0044530700348239804,0.0024428842231679626,0.002010185811656018,0.006895954257991943
DEMAND_M9_group_4.8-5.2,0.004452762977162628,0.0083686068350452,-0.003915843857882573,0.012821369812207828
TUKETIM_M13_group_250-275,0.004441313363522659,0.006393485154640277,-0.0019521717911176184,0.010834798518162936
TUKETIM_M13_group_50-75,0.004433397485422486,0.005403733243157682,-0.0009703357577351968,0.009837130728580168
TUKETIM_M7_group_360-390,0.004428432409301519,0.0005326509840449245,0.0038957814252565948,0.004961083393346444
SAYAC_YAS_1.0,0.004426900041083814,0.01030064045965251,-0.005873740418568696,0.014727540500736325
DEMAND_M5_group_4.0-4.5,0.004420370462994816,0.017172738621319183,-0.012752368158324368,0.021593109084314
TUKETIM_M24_group_300-325,0.004415323473589805,0.00046779024995818874,0.003947533223631616,0.004883113723547994
DEMAND_M10_group_7.5-8.0,0.004411707478780169,0.0005394737873014588,0.004951181266081628,0.0038722336914787103
TUKETIM_M23_group_375-400,0.004383197719637355,0.010274315842611181,-0.005891118122973826,0.014657513562248536
TUKETIM_M1_group_50-75,0.004374431518602007,0.01028308204364653,-0.005908650525044523,0.014657513562248536
DEMAND_M6_group_5.2-5.6,0.00426957075410922,0.0067717607031489435,0.011041331457258163,-0.0025021899490397237
DEMAND_M7_group_6.0-6.4,0.0040381086438175395,0.0010002604748554078,0.0030378481689621317,0.005038369118672947
TUKETIM_M14_group_350-375,0.004019094507853926,0.0009015859347054067,0.004920680442559333,0.0031175085731485197
TUKETIM_M14_group_325-350,0.004013094005440865,0.004013094005440865,0.0,0.00802618801088173
TUKETIM_M16_group_0-30,0.00397903232418545,0.006907290010861822,-0.002928257686676372,0.010886322335047272
DEMAND_M10_group_5.5-6.0,0.003964265961105939,9.488173702332237e-06,0.003973754134808272,0.003954777787403607
TUKETIM_M12_group_300-330,0.003959026747359706,0.00493796252874501,-0.000978935781385304,0.008896989276104716
TUKETIM_M11_group_210-240,0.003942479468731275,0.005894651259848893,-0.0019521717911176184,0.009837130728580168
TUKETIM_M11_group_480-510,0.003941694295003351,0.007840338105585709,-0.0038986438105823584,0.01178203240058906
TUKETIM_M8_group_475-500,0.003938270174919434,0.00094484354862856,0.0029934266262908737,0.004883113723547994
TUKETIM_M7_group_540-570,0.003935272901604947,0.004901251398836959,-0.0009659784972320118,0.008836524300441906
DEMAND_M7_group_3.2-3.6,0.0039330942713533545,0.004903430029088551,-0.0009703357577351968,0.008836524300441906
SAYAC_YAS_14.0,0.003933094271353299,0.003933094271353299,0.007866188542706598,0.0
SAYAC_YAS_12.0,0.003933094271353299,0.003933094271353299,0.007866188542706598,0.0
TUKETIM_M23_group_75-100,0.003922955182107779,0.006859863556189449,-0.0029369083740816704,0.010782818738297228
DEMAND_M7_group_2.8-3.2,0.003919580861234562,0.010737932701013975,-0.006818351839779413,0.014657513562248536
TUKETIM_M2_group_575-600,0.003916252033744794,0.011742138949679015,-0.007825886915934221,0.01565839098342381
TUKETIM_M10_group_275-300,0.003911210853075886,0.013718070911252878,-0.009806860058176992,0.017629281764328764
DEMAND_M8_group_4.8-5.2,0.0039055646058306914,0.002920878834540175,0.0009846857712905166,0.006826443440370866
DEMAND_M5_group_5.0-5.5,0.0038849507511428127,0.0078007946090253855,-0.003915843857882573,0.011685745360168198
DEMAND_M12_group_6.0-6.5,0.003872451457526793,0.006805015405507153,-0.00293256394798036,0.010677466863033946
DEMAND_M2_group_3.85-4.4,0.0038680876942172038,0.017725021390096796,-0.013856933695879592,0.021593109084314
TUKETIM_M8_group_200-225,0.003572205012839058,0.0004546964396905384,0.0040269014525295965,0.0031175085731485197
TUKETIM_M15_group_475-500,0.0035456313539783957,0.000428122780829876,0.003973754134808272,0.0031175085731485197
DEMAND_M4_group_9.2 üzeri,0.0035456313539783957,0.000428122780829876,0.003973754134808272,0.0031175085731485197
TUKETIM_M14_group_175-200,0.0035323028102287046,0.004493885200653025,-0.0009615823904243204,0.00802618801088173
TUKETIM_M2_group_200-225,0.0034818998916029686,0.012207172795444365,-0.008725272903841397,0.015689072687047334
DEMAND_M5_group_6.0-6.5,0.003480274088775437,0.006412838036755797,-0.00293256394798036,0.009893112125531234
TUKETIM_M18_group_390-420,0.003472408742493549,0.005424580533611167,-0.0019521717911176184,0.008896989276104716
TUKETIM_M4_group_390-420,0.0034635803413443633,0.014187681957023301,-0.010724101615678938,0.017651262298367665
DEMAND_M11_group_2.5-3.0,0.0034610109169188608,0.0034349433410730823,2.6067575845778457e-05,0.006895954257991943
TUKETIM_M14_group_575-600,0.003455040930220421,0.0004171927612582893,0.0030378481689621317,0.0038722336914787103
TUKETIM_M10_group_375-400,0.003452283390299904,0.006384847338280264,-0.00293256394798036,0.009837130728580168
TUKETIM_M9_group_75-100,0.0034522833902998484,0.009326023808868544,-0.005873740418568696,0.012778307199168393
TUKETIM_M20_group_475-500,0.0034508267924010516,0.011276713708335273,-0.007825886915934221,0.014727540500736325
TUKETIM_M2_group_525-550,0.0034508267924010516,0.011276713708335273,-0.007825886915934221,0.014727540500736325
TUKETIM_M13_group_425-450,0.003424766492563125,0.010307904753108776,-0.0068831382605456515,0.013732671245671901
TESISAT_TIPI_Mesken,0.003421872407590676,0.0004503612838880344,0.0029715111237026415,0.0038722336914787103
TUKETIM_M22_group_480-510,0.003421872407590676,0.0004503612838880344,0.0029715111237026415,0.0038722336914787103
TUKETIM_M3_group_525-550,0.0034138669717929115,0.002403075799947585,0.0010107911718453266,0.0058169427717404965
TUKETIM_M21_group_650-675,0.003402948056857702,0.0005445851667739143,0.003947533223631616,0.0028583628900837876
TUKETIM_M15_group_400-425,0.003029760165791817,0.0019214211002898107,0.004951181266081628,0.0011083390655020064
TUKETIM_M18_group_510-üzeri,0.0030006256203742865,0.014628656143954477,-0.01162803052358019,0.017629281764328764
TUKETIM_M19_group_375-400,0.0029778489007526443,0.005919140375352072,-0.002941291474599428,0.008896989276104716
TUKETIM_M19_group_350-375,0.0029778489007526443,0.005919140375352072,-0.002941291474599428,0.008896989276104716
TUKETIM_M8_group_75-100,0.00297288458231848,0.01667248662306897,-0.013699602040750491,0.019645371205387452
TUKETIM_M15_group_125-150,0.0029662731190899794,0.010766398126581922,-0.007800125007491943,0.013732671245671901
DEMAND_M9_group_6.4-6.8,0.0029598318820411307,0.007874966636121805,-0.0049151347540806745,0.010834798518162936
DEMAND_M2_group_7.65-8.2,0.002956311805789702,0.011771228694946623,-0.00881491688915692,0.014727540500736325
TUKETIM_M8_group_700-üzeri,0.002953954678340809,0.011738727738370147,-0.008784773060029338,0.014692682416710956
TUKETIM_M11_group_90-120,0.0029498079631801177,0.005886716337261788,-0.0029369083740816704,0.008836524300441906
SAYAC_MARKA_LUNA,0.0029403972199024686,0.010792274025769433,-0.007851876805866964,0.013732671245671901
TUKETIM_M24_group_325-350,0.002938882763777073,0.012780600905979544,-0.009841718142202471,0.015719483669756618
SAYAC_OLCUM_TURU_EKSIK,0.0029237030169453337,0.0009485306745333766,0.001975172342411957,0.0038722336914787103
TUKETIM_M21_group_575-600,0.0029231521878294586,0.00876259317233874,-0.005839440984509281,0.011685745360168198
TUKETIM_M21_group_675-700,0.0029231521878294586,0.00876259317233874,-0.005839440984509281,0.011685745360168198
TUKETIM_M3_group_400-425,0.00291251453597563,0.006811158346557988,-0.0038986438105823584,0.009723672882533618
TUKETIM_M14_group_0-25,0.002892989037176663,0.00386332479491186,-0.0009703357577351968,0.006756313832088523
TUKETIM_M19_group_125-150,0.0025647833493698813,0.016060966684499134,-0.013496183335129253,0.018625750033869015
TUKETIM_M14_group_300-325,0.0025463404577802384,0.0005711681153682813,0.001975172342411957,0.0031175085731485197
DEMAND_M7_group_EKSIK,0.0025404901015558257,0.004492661892673444,-0.0019521717911176184,0.00703315199422927
TUKETIM_M22_group_30-60,0.002523490820640406,0.0025148782980325413,8.612522607864825e-06,0.005038369118672947
DEMAND_M5_group_4.5-5.0,0.002509097622264478,0.009414216416849253,-0.006905118794584775,0.01192331403911373
TUKETIM_M21_group_700-üzeri,0.002501859552642538,0.010276447646525855,-0.007774588093883317,0.012778307199168393
TUKETIM_M12_group_210-240,0.0024948916359440743,0.012267200279456714,-0.00977230864351264,0.014762091915400788
DEMAND_M10_group_4.0-4.5,0.0024804911646377215,0.0073566395639424464,-0.004876148399304725,0.009837130728580168
TUKETIM_M16_group_540-570,0.0024776159286118427,0.012249924572124482,-0.00977230864351264,0.014727540500736325
ABONELIK_SURESI_yüzde_24,0.002462518851531259,0.003428497348763271,-0.0009659784972320118,0.00589101620029453
TUKETIM_M9_group_425-450,0.0024429111792669267,0.012284629321469398,-0.009841718142202471,0.014727540500736325
TUKETIM_M8_group_450-475,0.0020785943798118933,0.004030766170929623,-0.0019521717911177294,0.006109360550741516
DEMAND_M4_group_4.0-4.4,0.0020340166804688753,0.003004352438204072,-0.0009703357577351968,0.005038369118672947
DEMAND_M5_group_2.0-2.5,0.00199964857258611,0.005898292383168469,-0.0038986438105823584,0.007897940955754579
TUKETIM_M20_group_0-25,0.0019974824888062126,0.017634893771614923,-0.01563741128280871,0.019632376260421136
DEMAND_M1_group_8.4-8.8,0.00194323991036488,0.012784300590371445,-0.010841060680006565,0.014727540500736325
SAYAC_FAZ_N_EKSIK,0.0019299292221169884,0.00975581613805121,-0.007825886915934221,0.011685745360168198
TUKETIM_M24_group_400-425,0.0019215243306871521,0.0009368385593966355,0.0009846857712905166,0.0028583628900837876
TUKETIM_M9_group_25-50,0.001607281439980679,0.0005964902681353523,0.0010107911718453266,0.0022037717081160313
DEMAND_M3_group_6.55-7.1,0.0016011919032777322,0.0016011919032777322,0.0,0.0032023838065554644
DEMAND_M3_group_4.95-5.5,0.0015566137564400617,0.0044806028459056235,-0.002923989089465562,0.006037216602345685
DEMAND_M6_group_2.8-3.2,0.0015541985749784049,0.010369115464135326,-0.00881491688915692,0.01192331403911373
DEMAND_M11_group_8.0 üzeri,0.0015373238580999038,0.010292216737652904,-0.008754892879553,0.011829540595752808
DEMAND_M1_group_2.8-3.2,0.0015283797483738315,0.010253652652215228,-0.008725272903841397,0.01178203240058906
TUKETIM_M18_group_240-270,0.0015236054863898008,0.018095660318443063,-0.016572054832053262,0.019619265804832864
TUKETIM_M6_group_300-330,0.0014811506747418046,0.008299502514521218,-0.006818351839779413,0.009780653189263022
TUKETIM_M4_group_480-510,0.0014652977002822531,0.012306358380288818,-0.010841060680006565,0.01377165608057107
TUKETIM_M15_group_650-675,0.0014531275971233493,0.002419106094355361,-0.0009659784972320118,0.0038722336914787103
TUKETIM_M10_group_550-575,0.0014531275971233493,0.002419106094355361,-0.0009659784972320118,0.0038722336914787103
TUKETIM_M2_group_500-525,0.0014531275971233493,0.002419106094355361,-0.0009659784972320118,0.0038722336914787103
TUKETIM_M16_group_510-540,0.0014531275971233493,0.002419106094355361,-0.0009659784972320118,0.0038722336914787103
DEMAND_M7_group_6.4-6.8,0.0014531275971233493,0.002419106094355361,-0.0009659784972320118,0.0038722336914787103
TUKETIM_M17_group_330-360,0.001446572397976409,0.01128829054017888,-0.009841718142202471,0.01273486293815529
TUKETIM_M6_group_510-üzeri,0.0014311604622519458,0.008292512420281672,-0.006861351958029727,0.009723672882533618
TUKETIM_M15_group_75-100,0.0014291814450418938,0.0014291814450418938,0.0,0.0028583628900837876
TUKETIM_M14_group_475-500,0.0010351521231921068,0.001996734513616427,-0.0009615823904243204,0.003031886636808534
TUKETIM_M19_group_600-üzeri,0.0010307754395366686,0.0020011111972718654,-0.0009703357577351968,0.003031886636808534
TUKETIM_M19_group_425-450,0.0010286159761201397,0.007868373299984577,-0.006839757323864437,0.008896989276104716
DEMAND_M3_group_7.1-7.65,0.0010207127912008618,0.006877228164553717,-0.005856515373352855,0.007897940955754579
TUKETIM_M5_group_330-360,0.0010182460857733333,0.005946608353081528,-0.004928362267308195,0.006964854438854862
TUKETIM_M13_group_475-500,0.0009461921964258324,0.013746490220285124,-0.012800298023859291,0.014692682416710956
TUKETIM_M18_group_330-360,0.0009359435210188338,0.003868507468999194,-0.00293256394798036,0.004804450990018028
TUKETIM_M20_group_75-100,0.0005398574228454578,0.002492029213963076,-0.0019521717911176184,0.003031886636808534
MAHALLE_RISK_SKORU,0.0005182625072287506,0.020091579672795734,-0.019573317165566984,0.020609842180024485
TUKETIM_M10_group_450-475,0.0005111069197116236,0.009326023808868544,-0.00881491688915692,0.009837130728580168
TUKETIM_M7_group_330-360,0.0005067431564020897,0.0034480346310015175,-0.002941291474599428,0.003954777787403607
TUKETIM_M12_group_450-480,0.00046983487174917515,0.003402398819729535,-0.00293256394798036,0.0038722336914787103
TUKETIM_M11_group_330-360,0.0004618229237651761,0.016220700829281287,-0.01575887790551611,0.016682523753046463
DEMAND_M2_group_3.3-3.85,0.00040906906314891467,0.007292207323694566,-0.0068831382605456515,0.007701276386843481
DEMAND_M1_group_6.8-7.2,0.00012564196559927687,0.014601898535137048,-0.014476256569537771,0.014727540500736325
TUKETIM_M9_group_150-175,4.8851725422960346e-05,0.004912231667923483,-0.004863379942500523,0.004961083393346444
TUKETIM_M4_group_60-90,4.74891313634318e-05,0.002984397505445102,-0.0029369083740816704,0.003031886636808534
DEMAND_M10_group_5.0-5.5,3.602701991028967e-05,0.013735629060660781,-0.013699602040750491,0.01377165608057107
TUKETIM_M18_group_450-480,1.0803705642492556e-05,0.008825720594799413,-0.00881491688915692,0.008836524300441906
TUKETIM_M2_group_25-50,6.4720760834524604e-06,0.0029390360240638125,-0.00293256394798036,0.002945508100147265
TUKETIM_M15_group_200-225,4.29986303279728e-06,0.0029412082371144677,-0.0029369083740816704,0.002945508100147265
DEMAND_M3_group_7.65-8.2,-0.0005040021997129163,0.00538711592326091,-0.005891118122973826,0.004883113723547994
TUKETIM_M15_group_375-400,-0.0013524789000373127,0.002554727104179033,-0.003907206004216346,0.0012022482041417204
TUKETIM_M15_group_300-325,-0.0013566474813188067,0.0013652600039266716,8.612522607864825e-06,-0.0027219074852454783
TUKETIM_M13_group_300-325,-0.0014210528054922622,0.008317007063484205,-0.009738059868976467,0.006895954257991943
DEMAND_M5_group_7.5-8.0,-0.0015054522845334706,0.005377685976012181,-0.0068831382605456515,0.0038722336914787103
TUKETIM_M20_group_600-625,-0.0015054522845334706,0.005377685976012181,-0.0068831382605456515,0.0038722336914787103
TUKETIM_M13_group_175-200,-0.0018796235884120382,0.0088444780272669,-0.010724101615678938,0.006964854438854862
TUKETIM_M15_group_450-475,-0.0023670712382951042,0.0015574871405938384,-0.003924558378888943,-0.0008095840977012658
SAYAC_MARKA_ELEKTROMED,-0.0028336322434404093,0.005951140816588929,-0.008784773060029338,0.0031175085731485197
TUKETIM_M7_group_480-510,-0.003342668858297093,0.0035404694022485583,-0.0068831382605456515,0.00019780054395146518
DEMAND_M6_group_6.4-6.8,-0.0041456834366148665,0.00024703962603250806,-0.0038986438105823584,-0.0043927230626473746
TUKETIM_M2_group_175-200,-0.004293954639795927,0.014131085368376095,-0.018425040008172022,0.009837130728580168
TUKETIM_M12_group_330-360,-0.004366415936938373,0.01420354666551854,-0.018569962602456913,0.009837130728580168
TUKETIM_M10_group_350-375,-0.0049232485365383605,0.007781611426622148,-0.012704859963160509,0.0028583628900837876
TUKETIM_M8_group_525-550,-0.008815140115313147,0.012687373806791857,-0.021502513922105004,0.0038722336914787103
